P1,P2,Period,Payments,Hotel,Room,Date
tlaidlaw0,tmcknish0,1,china-unionpay,Muong Thanh Luxury Khanh Hoa,96,2/7/2020
gbraben1,dmixture1,4,switch,Maple Hotel &amp; Apartment,7,10/27/2020
bchansonnau2,mbeldam2,1,china-unionpay,InterContinental Nha Trang,39,8/29/2020
psiddon3,bcrawshay3,1,diners-club-carte-blanche,Muong Thanh Luxury Nha Trang Hotel,75,2/24/2020
nredihough4,crosenkranc4,10,switch,Alpha Bird Nha Trang Managed By RHM GROUP,91,5/28/2020
tjacob5,dparkinson5,8,jcb,Amiana Resort and Villas Nha Trang,39,12/22/2020
evanweedenburg6,esans6,3,switch,Boton Blue Hotel &amp; Spa,13,2/3/2020
wsantore7,tsawle7,6,diners-club-carte-blanche,Vinpearl Discovery 1 Nha Trang,79,1/2/2021
rmacfadin8,glindley8,6,jcb,Mia Resort Nha Trang,55,6/14/2020
tdumphry9,mkubatsch9,6,diners-club-international,Star Beach Panorama,11,10/10/2020
ayerburya,sdawtrya,3,jcb,Vinpearl Discovery 2 Nha Trang,80,1/9/2020
rpaskerfulb,glenteb,2,instapayment,Mega Light Hotel Managed By RHM GROUP,68,7/31/2020
lstonesc,inailc,10,jcb,Venity Villa Nha Trang,67,11/20/2020
vcaild,dmcgrieled,3,instapayment,Rubies Nha Trang Apartment,4,2/17/2020
cdasente,dpetkovice,7,mastercard,Hotel Novotel Nha Trang,49,3/11/2020
ghickfordf,jscoullerf,10,mastercard,BOSS Hotel managed by NEST Group,92,6/12/2020
fdrysdallg,wbrassg,4,solo,DTX Hotel Nha Trang,80,4/23/2020
pberryh,nblackwoodh,1,maestro,Le More Hotel,17,3/15/2020
ppennicardi,mdighti,8,jcb,Sunrise Nha Trang Beach Hotel &amp; Spa,6,10/27/2020
bsherelj,masmusj,9,laser,The Trang Luxury Villa Nha Trang,77,2/2/2020
rlanchberryk,mholdronk,2,diners-club-us-ca,Holi Panorama Nha Trang,41,12/3/2020
sboxerl,hbaleinel,10,jcb,The Costa Nha Trang Residences,59,4/10/2020
jjanssonm,apregalm,10,switch,Queen Ann Nha Trang Hotel,46,9/13/2020
jfardyn,vmarquezn,7,jcb,Imperial Nha Trang,24,11/28/2020
jbeisleyo,dgrigolono,5,jcb,Sheraton Nha Trang,54,1/11/2020
ccreaneyp,mcuniffep,6,americanexpress,Muong Thanh Luxury Khanh Hoa,98,8/27/2020
jstirrupq,mwynesq,2,jcb,Maple Hotel &amp; Apartment,7,10/30/2020
slowsonr,kseelerr,2,mastercard,InterContinental Nha Trang,25,4/29/2020
wheritys,erosbottoms,3,jcb,Muong Thanh Luxury Nha Trang Hotel,19,4/4/2020
cnethercottt,chenzet,7,visa-electron,Alpha Bird Nha Trang Managed By RHM GROUP,29,8/7/2020
hlaurandu,clebbonu,4,jcb,Amiana Resort and Villas Nha Trang,35,5/28/2020
cchimentiv,mhanhardv,4,mastercard,Boton Blue Hotel &amp; Spa,95,3/19/2020
ccahnw,gmainzw,6,visa-electron,Vinpearl Discovery 1 Nha Trang,98,10/30/2020
mromerilx,hshirlawx,6,mastercard,Mia Resort Nha Trang,96,5/5/2020
ffieldeny,wlangthorney,5,diners-club-carte-blanche,Star Beach Panorama,47,6/24/2020
nfiskz,obergstrandz,9,visa-electron,Vinpearl Discovery 2 Nha Trang,80,3/3/2020
ccobb10,nbodimeade10,8,laser,Mega Light Hotel Managed By RHM GROUP,74,9/15/2020
mmiddle11,ndalston11,3,bankcard,Venity Villa Nha Trang,57,11/9/2020
wsancroft12,rlammert12,2,maestro,Rubies Nha Trang Apartment,77,6/14/2020
bcornner13,cgooderidge13,5,jcb,Hotel Novotel Nha Trang,44,3/21/2020
dguichard14,fpegden14,7,diners-club-us-ca,BOSS Hotel managed by NEST Group,20,6/25/2020
eroyle15,dsagg15,1,jcb,DTX Hotel Nha Trang,48,4/18/2020
rluckcock16,dbunny16,5,jcb,Le More Hotel,81,7/1/2020
shatliffe17,atedorenko17,6,jcb,Sunrise Nha Trang Beach Hotel &amp; Spa,10,3/29/2020
tkensy18,icorbert18,4,jcb,The Trang Luxury Villa Nha Trang,90,9/14/2020
garchbould19,sbatters19,7,china-unionpay,Holi Panorama Nha Trang,78,7/29/2020
kreisenstein1a,rofficer1a,6,mastercard,The Costa Nha Trang Residences,5,12/5/2020
fgrewe1b,ctraice1b,7,jcb,Queen Ann Nha Trang Hotel,31,11/16/2020
lknappen1c,blean1c,6,visa,Imperial Nha Trang,98,2/14/2020
bmacleese1d,mprahl1d,1,visa-electron,Sheraton Nha Trang,80,9/10/2020
ksnelgrove1e,kburdas1e,10,mastercard,Muong Thanh Luxury Khanh Hoa,13,11/7/2020
amacalaster1f,hmurrells1f,8,jcb,Maple Hotel &amp; Apartment,19,7/27/2020
amushett1g,gmiddleweek1g,10,switch,InterContinental Nha Trang,88,11/9/2020
ivahl1h,paiers1h,8,diners-club-enroute,Muong Thanh Luxury Nha Trang Hotel,80,2/12/2020
squilter1i,lthibodeaux1i,2,jcb,Alpha Bird Nha Trang Managed By RHM GROUP,86,7/10/2020
kdugo1j,hseville1j,1,americanexpress,Amiana Resort and Villas Nha Trang,67,10/16/2020
scalderhead1k,jspeir1k,6,jcb,Boton Blue Hotel &amp; Spa,75,4/18/2020
smcmonies1l,mplesing1l,1,diners-club-enroute,Vinpearl Discovery 1 Nha Trang,17,7/26/2020
dkarpychev1m,hborel1m,6,jcb,Mia Resort Nha Trang,27,2/20/2020
bsomerville1n,rfawke1n,7,instapayment,Star Beach Panorama,87,2/26/2020
wkas1o,mbodega1o,3,laser,Vinpearl Discovery 2 Nha Trang,6,11/21/2020
emacandie1p,mjobson1p,6,maestro,Mega Light Hotel Managed By RHM GROUP,90,9/30/2020
oparlet1q,jalgore1q,10,jcb,Venity Villa Nha Trang,72,1/15/2020
ddupoy1r,nwyllcock1r,3,china-unionpay,Rubies Nha Trang Apartment,81,4/29/2020
pfaulkener1s,sdekeyser1s,8,china-unionpay,Hotel Novotel Nha Trang,27,5/20/2020
afilde1t,ipriestman1t,5,maestro,BOSS Hotel managed by NEST Group,22,12/30/2020
tsetterfield1u,jrampley1u,8,americanexpress,DTX Hotel Nha Trang,27,4/5/2020
kbolwell1v,mmcelroy1v,9,mastercard,Le More Hotel,37,6/27/2020
sbaudouin1w,dgawne1w,1,maestro,Sunrise Nha Trang Beach Hotel &amp; Spa,67,1/16/2020
dmacillrick1x,jbowater1x,10,maestro,The Trang Luxury Villa Nha Trang,36,8/3/2020
oprestner1y,cgeorgius1y,7,jcb,Holi Panorama Nha Trang,8,8/5/2020
tdefreitas1z,kstennings1z,2,jcb,The Costa Nha Trang Residences,27,11/9/2020
abarthelme20,hnovacek20,1,china-unionpay,Queen Ann Nha Trang Hotel,69,12/15/2020
aflips21,ccatterill21,10,jcb,Imperial Nha Trang,6,3/16/2020
ehorning22,acottesford22,9,jcb,Sheraton Nha Trang,72,2/9/2020
gcausnett23,eolynn23,3,jcb,Muong Thanh Luxury Khanh Hoa,34,6/22/2020
hrosen24,gloftie24,10,americanexpress,Maple Hotel &amp; Apartment,6,3/12/2020
jdukesbury25,ashuttell25,1,jcb,InterContinental Nha Trang,61,11/14/2020
pmorilla26,trittmeier26,6,switch,Muong Thanh Luxury Nha Trang Hotel,91,4/6/2020
jdanielsson27,kverecker27,9,switch,Alpha Bird Nha Trang Managed By RHM GROUP,25,4/9/2020
nbrunesco28,jburkett28,8,laser,Amiana Resort and Villas Nha Trang,15,10/16/2020
coneile29,mipsgrave29,5,jcb,Boton Blue Hotel &amp; Spa,73,7/27/2020
mtrebble2a,ksides2a,2,jcb,Vinpearl Discovery 1 Nha Trang,17,7/21/2020
jjoselevitch2b,fcardow2b,9,switch,Mia Resort Nha Trang,21,12/13/2020
lsmitham2c,mrogister2c,9,mastercard,Star Beach Panorama,33,4/15/2020
awigginton2d,tmathy2d,7,jcb,Vinpearl Discovery 2 Nha Trang,50,11/17/2020
truos2e,gverman2e,9,mastercard,Mega Light Hotel Managed By RHM GROUP,21,7/4/2020
jmcilwraith2f,dcarhart2f,5,instapayment,Venity Villa Nha Trang,16,11/2/2020
jdoige2g,rdigance2g,3,visa,Rubies Nha Trang Apartment,22,5/3/2020
iclemencet2h,ekirrens2h,3,jcb,Hotel Novotel Nha Trang,8,8/11/2020
jhaffner2i,hharmond2i,3,bankcard,BOSS Hotel managed by NEST Group,26,2/14/2020
psloat2j,dtipping2j,5,maestro,DTX Hotel Nha Trang,77,10/1/2020
lgilfoy2k,surquhart2k,5,china-unionpay,Le More Hotel,66,2/27/2020
kgrange2l,emandell2l,6,mastercard,Sunrise Nha Trang Beach Hotel &amp; Spa,31,5/17/2020
bhaglington2m,gkemetz2m,3,mastercard,The Trang Luxury Villa Nha Trang,93,10/14/2020
rrevel2n,jdollimore2n,10,jcb,Holi Panorama Nha Trang,18,9/30/2020
smacia2o,gchalfant2o,7,diners-club-enroute,The Costa Nha Trang Residences,53,5/28/2020
pgauford2p,krouth2p,4,mastercard,Queen Ann Nha Trang Hotel,65,12/4/2020
tcorbridge2q,hcreese2q,9,maestro,Imperial Nha Trang,8,1/4/2020
ddambrosi2r,lelwyn2r,4,bankcard,Sheraton Nha Trang,83,10/8/2020
aravillas2s,msallarie2s,8,diners-club-us-ca,Muong Thanh Luxury Khanh Hoa,96,1/18/2020
jclemon2t,pclinning2t,7,diners-club-carte-blanche,Maple Hotel &amp; Apartment,96,10/15/2020
mprendergrass2u,cgreedier2u,9,americanexpress,InterContinental Nha Trang,40,3/16/2020
ngentiry2v,koleszczak2v,7,americanexpress,Muong Thanh Luxury Nha Trang Hotel,20,7/17/2020
dphillput2w,agilbody2w,3,bankcard,Alpha Bird Nha Trang Managed By RHM GROUP,95,7/20/2020
gbrodbin2x,aharrington2x,7,china-unionpay,Amiana Resort and Villas Nha Trang,6,1/14/2020
nwestmancoat2y,lnaismith2y,6,jcb,Boton Blue Hotel &amp; Spa,72,9/7/2020
uswabey2z,cpea2z,1,jcb,Vinpearl Discovery 1 Nha Trang,33,6/13/2020
kreeme30,afratson30,6,solo,Mia Resort Nha Trang,47,4/13/2020
pingon31,elongland31,7,jcb,Star Beach Panorama,13,8/7/2020
lpadwick32,nshieldon32,2,jcb,Vinpearl Discovery 2 Nha Trang,25,4/28/2020
kianni33,lreinhart33,8,diners-club-enroute,Mega Light Hotel Managed By RHM GROUP,63,6/22/2020
rsteffens34,btelford34,1,jcb,Venity Villa Nha Trang,63,8/2/2020
wdionisio35,pstredwick35,3,jcb,Rubies Nha Trang Apartment,1,6/24/2020
brabson36,btritten36,5,jcb,Hotel Novotel Nha Trang,90,12/6/2020
bdominick37,mjerman37,10,jcb,BOSS Hotel managed by NEST Group,96,9/12/2020
asoares38,vmuldownie38,9,diners-club-international,DTX Hotel Nha Trang,12,2/4/2020
agerrelt39,glatehouse39,5,jcb,Le More Hotel,48,3/29/2020
jducarel3a,vdimitrie3a,5,switch,Sunrise Nha Trang Beach Hotel &amp; Spa,41,2/24/2020
raizikowitz3b,mblowing3b,1,americanexpress,The Trang Luxury Villa Nha Trang,40,9/14/2020
yubanks3c,ebarrows3c,10,jcb,Holi Panorama Nha Trang,30,4/22/2020
ljeanin3d,yjohnstone3d,3,jcb,The Costa Nha Trang Residences,78,2/24/2020
skupker3e,lkestian3e,8,diners-club-enroute,Queen Ann Nha Trang Hotel,15,10/4/2020
vdugdale3f,iatrill3f,4,switch,Imperial Nha Trang,3,5/26/2020
dgosney3g,rwodham3g,9,jcb,Sheraton Nha Trang,22,4/19/2020
skolakowski3h,cpapierz3h,1,mastercard,Muong Thanh Luxury Khanh Hoa,14,1/17/2020
icosta3i,jturfrey3i,5,switch,Maple Hotel &amp; Apartment,89,2/29/2020
whuller3j,flarby3j,7,jcb,InterContinental Nha Trang,47,6/2/2020
pdaborn3k,racres3k,1,diners-club-carte-blanche,Muong Thanh Luxury Nha Trang Hotel,20,12/23/2020
sknightly3l,oexroll3l,1,maestro,Alpha Bird Nha Trang Managed By RHM GROUP,33,11/9/2020
abrandom3m,epicken3m,7,switch,Amiana Resort and Villas Nha Trang,62,8/20/2020
ysmall3n,keaster3n,8,jcb,Boton Blue Hotel &amp; Spa,56,6/18/2020
ncoy3o,hfarden3o,8,visa-electron,Vinpearl Discovery 1 Nha Trang,100,8/6/2020
csofe3p,ahellwich3p,9,diners-club-carte-blanche,Mia Resort Nha Trang,53,4/6/2020
arookwell3q,hapril3q,8,switch,Star Beach Panorama,99,4/2/2020
eparres3r,hhaggerty3r,2,americanexpress,Vinpearl Discovery 2 Nha Trang,74,8/2/2020
lmerrien3s,mgrancher3s,1,jcb,Mega Light Hotel Managed By RHM GROUP,69,8/14/2020
hmacdonagh3t,bdocksey3t,4,visa,Venity Villa Nha Trang,69,2/28/2020
rlakeman3u,ewillshaw3u,3,mastercard,Rubies Nha Trang Apartment,96,11/28/2020
scrosscombe3v,agumme3v,1,mastercard,Hotel Novotel Nha Trang,46,5/19/2020
msawer3w,mticic3w,2,jcb,BOSS Hotel managed by NEST Group,18,2/3/2020
cscarbarrow3x,dmillions3x,6,maestro,DTX Hotel Nha Trang,23,5/18/2020
bsilverthorn3y,ekohlerman3y,2,jcb,Le More Hotel,6,4/12/2020
rfriett3z,jjakubovsky3z,6,switch,Sunrise Nha Trang Beach Hotel &amp; Spa,42,1/5/2020
afenna40,sormston40,6,mastercard,The Trang Luxury Villa Nha Trang,35,12/19/2020
gtumini41,bmeugens41,2,jcb,Holi Panorama Nha Trang,40,2/26/2020
jansett42,gbarczynski42,4,americanexpress,The Costa Nha Trang Residences,97,1/10/2020
msilbermann43,edownse43,5,instapayment,Queen Ann Nha Trang Hotel,91,9/6/2020
ableddon44,bspittle44,2,maestro,Imperial Nha Trang,94,9/6/2020
dbriston45,tgrishenkov45,2,visa-electron,Sheraton Nha Trang,89,2/10/2020
jschroter46,bmaccaig46,10,maestro,Muong Thanh Luxury Khanh Hoa,62,12/28/2020
kmoffat47,wapps47,6,jcb,Maple Hotel &amp; Apartment,93,5/6/2020
lshingles48,sheball48,6,diners-club-enroute,InterContinental Nha Trang,2,4/23/2020
dblackden49,mjon49,7,jcb,Muong Thanh Luxury Nha Trang Hotel,41,11/13/2020
atudhope4a,cflacke4a,3,mastercard,Alpha Bird Nha Trang Managed By RHM GROUP,38,9/13/2020
vflanagan4b,wdeleek4b,5,visa-electron,Amiana Resort and Villas Nha Trang,2,11/7/2020
jmathivat4c,ldegregario4c,4,visa,Boton Blue Hotel &amp; Spa,73,11/4/2020
alongwood4d,chulcoop4d,3,jcb,Vinpearl Discovery 1 Nha Trang,77,8/8/2020
aroback4e,dkleisel4e,7,visa,Mia Resort Nha Trang,96,5/30/2020
ccavey4f,ddallin4f,4,jcb,Star Beach Panorama,5,3/10/2020
jcrangle4g,falbinson4g,1,visa,Vinpearl Discovery 2 Nha Trang,40,3/6/2020
kpetrol4h,lmay4h,3,jcb,Mega Light Hotel Managed By RHM GROUP,82,12/4/2020
tconcklin4i,gstealy4i,4,bankcard,Venity Villa Nha Trang,3,3/18/2020
bfrancesconi4j,wborghese4j,2,diners-club-carte-blanche,Rubies Nha Trang Apartment,26,12/21/2020
uthoumasson4k,kgirsch4k,4,jcb,Hotel Novotel Nha Trang,28,2/28/2020
bcarek4l,cgrebert4l,7,mastercard,BOSS Hotel managed by NEST Group,42,4/22/2020
edenormanville4m,ileblond4m,7,switch,DTX Hotel Nha Trang,91,10/29/2020
bmarshallsay4n,gbullar4n,4,visa-electron,Le More Hotel,88,3/7/2020
tdedomenico4o,pacum4o,10,jcb,Sunrise Nha Trang Beach Hotel &amp; Spa,36,1/27/2020
adonat4p,cclemoes4p,9,diners-club-carte-blanche,The Trang Luxury Villa Nha Trang,77,7/31/2020
ebengough4q,mbummfrey4q,7,jcb,Holi Panorama Nha Trang,100,6/20/2020
mjohns4r,jchristofides4r,5,jcb,The Costa Nha Trang Residences,83,9/21/2020
bmargrett4s,whayball4s,2,diners-club-carte-blanche,Queen Ann Nha Trang Hotel,99,1/31/2020
clettsom4t,ghruska4t,8,laser,Imperial Nha Trang,86,4/10/2020
ncasado4u,groggerone4u,4,bankcard,Sheraton Nha Trang,80,9/27/2020
xwicklin4v,iantrum4v,5,americanexpress,Muong Thanh Luxury Khanh Hoa,7,9/23/2020
ghallgough4w,gheinemann4w,5,china-unionpay,Maple Hotel &amp; Apartment,68,6/9/2020
atrice4x,roakeshott4x,5,jcb,InterContinental Nha Trang,92,12/31/2020
tkoppen4y,bkeal4y,5,jcb,Muong Thanh Luxury Nha Trang Hotel,57,11/5/2020
llampel4z,fbozworth4z,10,jcb,Alpha Bird Nha Trang Managed By RHM GROUP,57,5/21/2020
sbullier50,cwillcox50,4,jcb,Amiana Resort and Villas Nha Trang,20,10/10/2020
jratke51,irannells51,5,mastercard,Boton Blue Hotel &amp; Spa,18,8/27/2020
bgrebert52,lnockells52,5,jcb,Vinpearl Discovery 1 Nha Trang,55,1/18/2020
znecolds53,mlissemore53,4,mastercard,Mia Resort Nha Trang,56,3/29/2020
acarthew54,lbree54,10,americanexpress,Star Beach Panorama,58,3/10/2020
rmessruther55,tcorrington55,1,mastercard,Vinpearl Discovery 2 Nha Trang,8,7/14/2020
cmorde56,kpriestner56,8,china-unionpay,Mega Light Hotel Managed By RHM GROUP,89,9/12/2020
screany57,minseal57,6,bankcard,Venity Villa Nha Trang,42,6/8/2020
spilipyak58,kminget58,4,americanexpress,Rubies Nha Trang Apartment,64,10/4/2020
skuzemka59,froan59,4,diners-club-enroute,Hotel Novotel Nha Trang,37,1/12/2020
iswaby5a,nrendle5a,7,mastercard,BOSS Hotel managed by NEST Group,87,12/14/2020
jsissland5b,vtudor5b,10,bankcard,DTX Hotel Nha Trang,47,5/18/2020
kgaynes5c,gdightham5c,8,jcb,Le More Hotel,41,10/23/2020
kdemschke5d,abritner5d,5,jcb,Sunrise Nha Trang Beach Hotel &amp; Spa,54,4/10/2020
ebigby5e,mcalverley5e,5,diners-club-carte-blanche,The Trang Luxury Villa Nha Trang,14,6/30/2020
duff5f,swalne5f,3,jcb,Holi Panorama Nha Trang,39,8/8/2020
rgalier5g,hdeanesy5g,6,jcb,The Costa Nha Trang Residences,66,3/26/2020
igaul5h,gmor5h,2,maestro,Queen Ann Nha Trang Hotel,72,8/21/2020
bragbourn5i,dwreath5i,1,jcb,Imperial Nha Trang,22,2/16/2020
khowman5j,mberrow5j,10,switch,Sheraton Nha Trang,26,4/12/2020
jchilderley5k,rcrowcroft5k,7,bankcard,Muong Thanh Luxury Khanh Hoa,18,2/20/2020
baldington5l,grebert5l,6,bankcard,Maple Hotel &amp; Apartment,58,8/12/2020
agreatland5m,eaustin5m,5,diners-club-us-ca,InterContinental Nha Trang,14,3/12/2020
ballport5n,rmattingly5n,3,jcb,Muong Thanh Luxury Nha Trang Hotel,90,8/26/2020
kbrokenshaw5o,gpennings5o,1,diners-club-carte-blanche,Alpha Bird Nha Trang Managed By RHM GROUP,96,9/2/2020
lvandervelden5p,hwherry5p,4,jcb,Amiana Resort and Villas Nha Trang,13,5/31/2020
wmillott5q,imargerrison5q,9,switch,Boton Blue Hotel &amp; Spa,7,5/26/2020
kbeahan5r,esymmers5r,7,jcb,Vinpearl Discovery 1 Nha Trang,77,3/3/2020
dbateman5s,bensor5s,5,jcb,Mia Resort Nha Trang,52,7/27/2020
dglaum5t,gsimmins5t,10,switch,Star Beach Panorama,37,8/12/2020
chadny5u,mcampa5u,5,laser,Vinpearl Discovery 2 Nha Trang,42,8/20/2020
jarniz5v,dspikeings5v,9,mastercard,Mega Light Hotel Managed By RHM GROUP,18,5/5/2020
vgantzman5w,megginton5w,9,switch,Venity Villa Nha Trang,53,2/17/2020
sdupre5x,umacsween5x,1,laser,Rubies Nha Trang Apartment,43,11/21/2020
ymarkovich5y,lcheccucci5y,8,jcb,Hotel Novotel Nha Trang,82,7/9/2020
cmckinnon5z,gsenogles5z,3,bankcard,BOSS Hotel managed by NEST Group,50,5/6/2020
rriccioppo60,sflinders60,2,jcb,DTX Hotel Nha Trang,66,8/17/2020
kgarralts61,flahy61,7,jcb,Le More Hotel,58,9/17/2020
tdebenham62,ecoole62,10,jcb,Sunrise Nha Trang Beach Hotel &amp; Spa,9,8/19/2020
hbleasdille63,ladamek63,7,jcb,The Trang Luxury Villa Nha Trang,45,10/15/2020
gfarlam64,wmartello64,1,jcb,Holi Panorama Nha Trang,66,9/7/2020
hsmiz65,bacuna65,8,mastercard,The Costa Nha Trang Residences,20,3/8/2020
hscreeton66,chexham66,9,instapayment,Queen Ann Nha Trang Hotel,85,6/28/2020
lmalek67,lgoodman67,4,diners-club-us-ca,Imperial Nha Trang,59,11/16/2020
gdilley68,pdrysdale68,7,americanexpress,Sheraton Nha Trang,31,4/15/2020
aweed69,hickowicz69,3,bankcard,Muong Thanh Luxury Khanh Hoa,100,10/20/2020
mhallstone6a,cchatelain6a,9,jcb,Maple Hotel &amp; Apartment,50,5/22/2020
fcarryer6b,iardron6b,3,jcb,InterContinental Nha Trang,15,6/10/2020
ebote6c,aspencelayh6c,10,diners-club-enroute,Muong Thanh Luxury Nha Trang Hotel,99,8/5/2020
chalsey6d,pbendon6d,7,bankcard,Alpha Bird Nha Trang Managed By RHM GROUP,60,4/14/2020
asambedge6e,aarmfield6e,10,bankcard,Amiana Resort and Villas Nha Trang,55,3/20/2020
hgawthorp6f,cverdey6f,8,jcb,Boton Blue Hotel &amp; Spa,36,6/7/2020
harchley6g,nchampneys6g,6,diners-club-enroute,Vinpearl Discovery 1 Nha Trang,19,2/16/2020
amullan6h,ashawdforth6h,10,china-unionpay,Mia Resort Nha Trang,23,10/19/2020
pdafydd6i,cwoodroof6i,2,jcb,Star Beach Panorama,45,9/30/2020
hgeraghty6j,fornillos6j,6,jcb,Vinpearl Discovery 2 Nha Trang,67,5/27/2020
cmarklin6k,rfrankland6k,9,jcb,Mega Light Hotel Managed By RHM GROUP,83,10/14/2020
bogleasane6l,emotte6l,7,jcb,Venity Villa Nha Trang,33,11/3/2020
lmcevoy6m,dboutton6m,6,maestro,Rubies Nha Trang Apartment,94,4/8/2020
jcowhig6n,rfoxwell6n,3,jcb,Hotel Novotel Nha Trang,83,1/12/2020
abillyeald6o,bswinyard6o,4,china-unionpay,BOSS Hotel managed by NEST Group,21,4/3/2020
mmaciaszczyk6p,tcarlens6p,9,maestro,DTX Hotel Nha Trang,37,3/18/2020
mjobbing6q,ewalwood6q,6,laser,Le More Hotel,3,9/18/2020
hantonellini6r,lsyers6r,9,jcb,Sunrise Nha Trang Beach Hotel &amp; Spa,81,6/14/2020
nsawkins6s,ghonnan6s,1,switch,The Trang Luxury Villa Nha Trang,59,10/18/2020
gmusprat6t,adevoiels6t,7,maestro,Holi Panorama Nha Trang,27,12/13/2020
cpraundl6u,cwilber6u,6,bankcard,The Costa Nha Trang Residences,35,2/22/2020
gpyvis6v,gknibb6v,6,mastercard,Queen Ann Nha Trang Hotel,68,9/28/2020
wmoehle6w,dbrogioni6w,6,americanexpress,Imperial Nha Trang,61,5/29/2020
mbole6x,dpinsent6x,4,visa-electron,Sheraton Nha Trang,3,4/23/2020
ckarchowski6y,gpuzey6y,6,jcb,Muong Thanh Luxury Khanh Hoa,41,2/26/2020
oduggon6z,ssheers6z,9,diners-club-carte-blanche,Maple Hotel &amp; Apartment,80,12/24/2020
ddwire70,kcleyne70,4,diners-club-carte-blanche,InterContinental Nha Trang,14,10/7/2020
rdavsley71,hcruickshank71,2,visa,Muong Thanh Luxury Nha Trang Hotel,56,11/17/2020
ebernolet72,aliggins72,3,jcb,Alpha Bird Nha Trang Managed By RHM GROUP,33,10/29/2020
htivolier73,bcramond73,8,jcb,Amiana Resort and Villas Nha Trang,99,6/12/2020
fkleinhausen74,smacilwrick74,1,diners-club-international,Boton Blue Hotel &amp; Spa,70,12/5/2020
kclaiton75,cmacgruer75,5,jcb,Vinpearl Discovery 1 Nha Trang,79,6/16/2020
wmacascaidh76,wable76,7,bankcard,Mia Resort Nha Trang,21,11/1/2020
mstennard77,aavesque77,10,diners-club-enroute,Star Beach Panorama,65,3/22/2020
wsimao78,aboylund78,7,bankcard,Vinpearl Discovery 2 Nha Trang,21,12/26/2020
rdenge79,amcgawn79,3,americanexpress,Mega Light Hotel Managed By RHM GROUP,92,9/17/2020
shassekl7a,bjodrellec7a,7,mastercard,Venity Villa Nha Trang,69,1/30/2020
ngusticke7b,xvautrey7b,2,diners-club-enroute,Rubies Nha Trang Apartment,69,7/3/2020
rroulston7c,epacker7c,9,jcb,Hotel Novotel Nha Trang,2,8/5/2020
iwhotton7d,kbusswell7d,3,jcb,BOSS Hotel managed by NEST Group,37,1/31/2020
nleming7e,maire7e,9,diners-club-enroute,DTX Hotel Nha Trang,53,11/12/2020
kwillgrass7f,aterlinden7f,9,china-unionpay,Le More Hotel,99,12/23/2020
glindell7g,lfradgley7g,8,jcb,Sunrise Nha Trang Beach Hotel &amp; Spa,99,1/15/2020
wmorando7h,glillicrop7h,4,visa,The Trang Luxury Villa Nha Trang,39,6/16/2020
bheggie7i,rgaul7i,1,jcb,Holi Panorama Nha Trang,53,12/19/2020
splenty7j,hraxworthy7j,10,jcb,The Costa Nha Trang Residences,28,2/15/2020
ckettridge7k,daldcorn7k,3,jcb,Queen Ann Nha Trang Hotel,11,10/12/2020
mswiffan7l,rzeplin7l,8,visa-electron,Imperial Nha Trang,59,10/23/2020
aoccleshaw7m,rfolker7m,10,mastercard,Sheraton Nha Trang,81,12/23/2020
emartensen7n,boldacres7n,9,visa,Muong Thanh Luxury Khanh Hoa,24,1/3/2021
kmasding7o,gmanssuer7o,4,jcb,Maple Hotel &amp; Apartment,50,10/15/2020
saustick7p,yquiddinton7p,3,visa,InterContinental Nha Trang,26,9/1/2020
noliff7q,kcolpus7q,2,jcb,Muong Thanh Luxury Nha Trang Hotel,98,9/14/2020
mbeldan7r,tgookey7r,2,diners-club-international,Alpha Bird Nha Trang Managed By RHM GROUP,3,7/6/2020
mfoystone7s,bhowatt7s,8,americanexpress,Amiana Resort and Villas Nha Trang,74,10/5/2020
swoodnutt7t,amacneilage7t,4,jcb,Boton Blue Hotel &amp; Spa,58,3/12/2020
tyouhill7u,vsalmons7u,10,jcb,Vinpearl Discovery 1 Nha Trang,17,1/25/2020
lblagburn7v,iskermer7v,3,jcb,Mia Resort Nha Trang,43,3/4/2020
eewins7w,khaskett7w,10,china-unionpay,Star Beach Panorama,54,6/21/2020
ghubbuck7x,amathon7x,6,jcb,Vinpearl Discovery 2 Nha Trang,61,2/28/2020
gharme7y,cyerrall7y,7,diners-club-carte-blanche,Mega Light Hotel Managed By RHM GROUP,12,6/27/2020
ematfin7z,mmclinden7z,3,bankcard,Venity Villa Nha Trang,64,5/3/2020
lreadshaw80,evarren80,6,laser,Rubies Nha Trang Apartment,75,7/3/2020
ldoody81,hjorden81,4,visa-electron,Hotel Novotel Nha Trang,24,11/19/2020
cstilgoe82,malbro82,2,diners-club-enroute,BOSS Hotel managed by NEST Group,15,7/1/2020
kbaltzar83,aelwill83,8,jcb,DTX Hotel Nha Trang,82,7/13/2020
linnman84,claffoleylane84,10,jcb,Le More Hotel,7,1/21/2020
mstreets85,mfeldbaum85,4,diners-club-enroute,Sunrise Nha Trang Beach Hotel &amp; Spa,43,12/19/2020
bverduin86,spashenkov86,5,americanexpress,The Trang Luxury Villa Nha Trang,36,7/12/2020
gbeverley87,cagus87,7,jcb,Holi Panorama Nha Trang,61,5/22/2020
wwudeland88,gdanford88,2,laser,The Costa Nha Trang Residences,98,10/22/2020
pstreeting89,vpincked89,6,diners-club-us-ca,Queen Ann Nha Trang Hotel,68,1/26/2020
mdanell8a,lblann8a,2,mastercard,Imperial Nha Trang,93,1/17/2020
nbeetlestone8b,gmichelotti8b,10,jcb,Sheraton Nha Trang,54,3/28/2020
dbaddow8c,gvelde8c,6,jcb,Muong Thanh Luxury Khanh Hoa,52,7/12/2020
gpusill8d,sleist8d,10,americanexpress,Maple Hotel &amp; Apartment,6,5/13/2020
danney8e,ygerardet8e,2,jcb,InterContinental Nha Trang,91,7/24/2020
afernao8f,thilldrup8f,4,jcb,Muong Thanh Luxury Nha Trang Hotel,65,8/30/2020
npellitt8g,jholliar8g,6,jcb,Alpha Bird Nha Trang Managed By RHM GROUP,6,12/19/2020
jdeards8h,abultitude8h,5,maestro,Amiana Resort and Villas Nha Trang,5,6/4/2020
mbalmer8i,gdemeter8i,4,jcb,Boton Blue Hotel &amp; Spa,29,1/6/2020
jsimonin8j,akydd8j,3,jcb,Vinpearl Discovery 1 Nha Trang,35,6/8/2020
rlionel8k,sneligan8k,5,visa-electron,Mia Resort Nha Trang,85,12/17/2020
rdiggles8l,nlaurenzi8l,3,maestro,Star Beach Panorama,53,8/15/2020
jsmeeton8m,ceivers8m,10,china-unionpay,Vinpearl Discovery 2 Nha Trang,25,10/7/2020
cpackham8n,fcordelle8n,5,switch,Mega Light Hotel Managed By RHM GROUP,13,8/1/2020
mpringley8o,lamthor8o,3,diners-club-enroute,Venity Villa Nha Trang,21,1/4/2020
asturdy8p,vveare8p,7,jcb,Rubies Nha Trang Apartment,58,4/27/2020
dvanderkruis8q,wdils8q,3,jcb,Hotel Novotel Nha Trang,41,6/6/2020
harnault8r,kstallen8r,2,maestro,BOSS Hotel managed by NEST Group,26,9/6/2020
dbuzin8s,babbott8s,4,mastercard,DTX Hotel Nha Trang,47,11/26/2020
rstienton8t,kruckhard8t,6,mastercard,Le More Hotel,76,6/30/2020
sauckland8u,ajewel8u,5,jcb,Sunrise Nha Trang Beach Hotel &amp; Spa,62,9/26/2020
gbinnes8v,jgierck8v,3,maestro,The Trang Luxury Villa Nha Trang,44,5/27/2020
ohentze8w,opichmann8w,9,jcb,Holi Panorama Nha Trang,44,6/30/2020
swattingham8x,kalesi8x,7,jcb,The Costa Nha Trang Residences,76,3/23/2020
imacgiany8y,sgodbald8y,2,americanexpress,Queen Ann Nha Trang Hotel,52,5/17/2020
smacavaddy8z,nroofe8z,10,jcb,Imperial Nha Trang,15,1/22/2020
jmaytum90,gpharrow90,2,jcb,Sheraton Nha Trang,7,4/6/2020
emalimoe91,mhumber91,1,americanexpress,Muong Thanh Luxury Khanh Hoa,25,1/5/2020
rdundendale92,kcecchi92,10,bankcard,Maple Hotel &amp; Apartment,99,12/21/2020
bormonde93,jcripin93,3,visa-electron,InterContinental Nha Trang,76,6/27/2020
ucubbini94,rseneschal94,8,china-unionpay,Muong Thanh Luxury Nha Trang Hotel,71,12/14/2020
ghunter95,bprudence95,3,jcb,Alpha Bird Nha Trang Managed By RHM GROUP,36,3/6/2020
aalforde96,chynard96,2,maestro,Amiana Resort and Villas Nha Trang,95,11/19/2020
folliar97,mraund97,3,jcb,Boton Blue Hotel &amp; Spa,90,5/31/2020
dthomas98,gbolin98,3,mastercard,Vinpearl Discovery 1 Nha Trang,77,4/27/2020
cdinzey99,dgauch99,5,visa-electron,Mia Resort Nha Trang,32,2/29/2020
hreucastle9a,wingledew9a,9,jcb,Star Beach Panorama,67,10/31/2020
cgeffe9b,fsouthworth9b,10,maestro,Vinpearl Discovery 2 Nha Trang,69,10/23/2020
noldred9c,cduthy9c,6,diners-club-us-ca,Mega Light Hotel Managed By RHM GROUP,53,11/15/2020
sofogarty9d,gblackwell9d,7,diners-club-carte-blanche,Venity Villa Nha Trang,80,7/31/2020
jarnaldi9e,bsirette9e,7,maestro,Rubies Nha Trang Apartment,84,8/3/2020
afrowd9f,severiss9f,2,americanexpress,Hotel Novotel Nha Trang,86,9/8/2020
sbassingham9g,rwisher9g,7,americanexpress,BOSS Hotel managed by NEST Group,88,4/24/2020
eboniface9h,qbalaizot9h,7,maestro,DTX Hotel Nha Trang,23,4/16/2020
kverdon9i,mbrogden9i,9,diners-club-us-ca,Le More Hotel,32,11/23/2020
ucalton9j,aferrettino9j,2,visa-electron,Sunrise Nha Trang Beach Hotel &amp; Spa,93,2/8/2020
sboules9k,vcabane9k,7,jcb,The Trang Luxury Villa Nha Trang,16,5/26/2020
walltimes9l,fselcraig9l,2,jcb,Holi Panorama Nha Trang,23,3/13/2020
gfuzzey9m,bohederscoll9m,9,switch,The Costa Nha Trang Residences,57,12/14/2020
caddison9n,yledwidge9n,1,jcb,Queen Ann Nha Trang Hotel,1,11/5/2020
nbelamy9o,gtrimbey9o,5,diners-club-enroute,Imperial Nha Trang,38,1/17/2020
kfossick9p,mdomenichini9p,5,visa,Sheraton Nha Trang,53,12/24/2020
estodit9q,kgerrey9q,9,diners-club-carte-blanche,Muong Thanh Luxury Khanh Hoa,11,12/8/2020
jevamy9r,teake9r,8,visa,Maple Hotel &amp; Apartment,26,12/2/2020
lsangwin9s,obish9s,7,jcb,InterContinental Nha Trang,34,7/15/2020
nalyokhin9t,londrus9t,4,americanexpress,Muong Thanh Luxury Nha Trang Hotel,63,2/9/2020
dczapla9u,hbasketter9u,6,bankcard,Alpha Bird Nha Trang Managed By RHM GROUP,35,5/1/2020
wdomingues9v,emacpharlain9v,5,jcb,Amiana Resort and Villas Nha Trang,70,9/28/2020
pgatling9w,drisebrow9w,6,americanexpress,Boton Blue Hotel &amp; Spa,5,2/15/2020
aperchard9x,pkeveren9x,7,jcb,Vinpearl Discovery 1 Nha Trang,100,3/5/2020
tpartlett9y,qbeynon9y,4,jcb,Mia Resort Nha Trang,51,1/29/2020
ddaniely9z,amacshirrie9z,4,mastercard,Star Beach Panorama,79,2/8/2020
gmcdilla0,nsignoreta0,10,maestro,Vinpearl Discovery 2 Nha Trang,42,6/5/2020
htomaa1,cmcmylora1,5,jcb,Mega Light Hotel Managed By RHM GROUP,23,2/2/2020
glaurensa2,lwigelswortha2,1,jcb,Venity Villa Nha Trang,96,11/10/2020
dgeea3,solenicheva3,4,jcb,Rubies Nha Trang Apartment,67,10/9/2020
jchiccoa4,wsparksa4,1,jcb,Hotel Novotel Nha Trang,53,10/23/2020
blottringtona5,atyea5,4,jcb,BOSS Hotel managed by NEST Group,10,9/5/2020
seldreda6,rjossuma6,1,jcb,DTX Hotel Nha Trang,84,10/31/2020
gprozesckya7,bcaleya7,6,jcb,Le More Hotel,45,12/1/2020
hcoltana8,mbreensa8,4,jcb,Sunrise Nha Trang Beach Hotel &amp; Spa,8,7/25/2020
sdecarolia9,swanderscheka9,1,bankcard,The Trang Luxury Villa Nha Trang,69,7/1/2020
apunchardaa,wbrudenellaa,6,maestro,Holi Panorama Nha Trang,29,5/5/2020
jkebleab,jcamossoab,9,jcb,The Costa Nha Trang Residences,100,5/19/2020
bgladwishac,brigardeauac,6,diners-club-carte-blanche,Queen Ann Nha Trang Hotel,59,1/21/2020
ctwiddlead,nharcarsead,1,switch,Imperial Nha Trang,37,3/2/2020
ppreistae,cpoetzae,9,mastercard,Sheraton Nha Trang,98,9/12/2020
mdehmelaf,atrowaf,6,jcb,Muong Thanh Luxury Khanh Hoa,31,1/5/2020
mheckag,tmcpolinag,3,bankcard,Maple Hotel &amp; Apartment,59,2/5/2020
rclamptonah,ylalorah,7,jcb,InterContinental Nha Trang,77,5/22/2020
jmcelvogueai,jbrandhardyai,7,maestro,Muong Thanh Luxury Nha Trang Hotel,70,3/30/2020
lcocklinaj,dmcmenemyaj,1,bankcard,Alpha Bird Nha Trang Managed By RHM GROUP,2,3/15/2020
bbecclesak,dsummersettak,10,jcb,Amiana Resort and Villas Nha Trang,60,10/1/2020
bquyeal,pnoahal,5,jcb,Boton Blue Hotel &amp; Spa,52,5/1/2020
dlearoidam,ohuneam,3,jcb,Vinpearl Discovery 1 Nha Trang,60,6/7/2020
rvivianan,rkenworthyan,10,bankcard,Mia Resort Nha Trang,68,12/8/2020
bredierao,eberensao,2,switch,Star Beach Panorama,40,3/11/2020
eshovelinap,jgilburtap,7,instapayment,Vinpearl Discovery 2 Nha Trang,53,1/21/2020
welbyaq,jvasseaq,8,maestro,Mega Light Hotel Managed By RHM GROUP,21,8/26/2020
jculbardar,mbrannonar,5,jcb,Venity Villa Nha Trang,26,11/28/2020
lfoxas,ubalmeas,3,jcb,Rubies Nha Trang Apartment,47,4/18/2020
tgummaryat,aclickat,4,mastercard,Hotel Novotel Nha Trang,50,6/23/2020
ohacquoilau,mcastletonau,9,jcb,BOSS Hotel managed by NEST Group,24,10/5/2020
ddobingav,nheadechav,7,maestro,DTX Hotel Nha Trang,40,7/1/2020
tbiffinaw,vdonohueaw,4,jcb,Le More Hotel,7,9/4/2020
tstreatfieldax,etrownsonax,1,maestro,Sunrise Nha Trang Beach Hotel &amp; Spa,100,11/13/2020
gnanniay,ashervingtonay,8,visa,The Trang Luxury Villa Nha Trang,59,2/8/2020
lfitzpatrickaz,pashborneaz,5,diners-club-enroute,Holi Panorama Nha Trang,82,3/15/2020
nchamneyb0,aallabushb0,3,laser,The Costa Nha Trang Residences,57,9/19/2020
cdickonsb1,tolczykb1,4,maestro,Queen Ann Nha Trang Hotel,61,7/9/2020
mvanderweedenburgb2,ttuppenyb2,3,diners-club-carte-blanche,Imperial Nha Trang,12,9/27/2020
bcantob3,tearlamb3,10,maestro,Sheraton Nha Trang,66,3/30/2020
lbaldenb4,cponteb4,10,maestro,Muong Thanh Luxury Khanh Hoa,13,11/4/2020
cfinnieb5,rdalbeyb5,4,maestro,Maple Hotel &amp; Apartment,79,8/9/2020
rrabidgeb6,clatchfordb6,8,jcb,InterContinental Nha Trang,55,4/30/2020
fdeaconb7,amaberleyb7,6,jcb,Muong Thanh Luxury Nha Trang Hotel,11,2/19/2020
bgregorib8,ewestollb8,7,jcb,Alpha Bird Nha Trang Managed By RHM GROUP,80,10/6/2020
rhillettb9,cjobb9,5,jcb,Amiana Resort and Villas Nha Trang,68,6/22/2020
fsoleba,lkraleba,3,mastercard,Boton Blue Hotel &amp; Spa,67,12/17/2020
eallwrightbb,ccattellionbb,10,bankcard,Vinpearl Discovery 1 Nha Trang,4,7/7/2020
lmuschettebc,gdewbc,6,maestro,Mia Resort Nha Trang,49,8/1/2020
bslightbd,bhindenbergerbd,9,diners-club-carte-blanche,Star Beach Panorama,92,10/8/2020
ckydbe,jfirmagerbe,6,americanexpress,Vinpearl Discovery 2 Nha Trang,80,3/8/2020
twilloughbybf,omccarrollbf,5,jcb,Mega Light Hotel Managed By RHM GROUP,17,8/20/2020
erupertibg,godroughtbg,1,jcb,Venity Villa Nha Trang,6,11/12/2020
tpoacherbh,hwaleworkebh,4,jcb,Rubies Nha Trang Apartment,77,1/3/2021
cjanakbi,jcaudreybi,1,jcb,Hotel Novotel Nha Trang,41,8/14/2020
keschellebj,irustanbj,9,diners-club-enroute,BOSS Hotel managed by NEST Group,59,3/13/2020
sdannellbk,cdoumencbk,3,jcb,DTX Hotel Nha Trang,46,7/20/2020
fdodshonbl,tsaunierebl,3,laser,Le More Hotel,24,12/5/2020
bmcdunlevybm,cchritchlowbm,4,jcb,Sunrise Nha Trang Beach Hotel &amp; Spa,54,11/13/2020
drehorekbn,mcleatorbn,9,diners-club-carte-blanche,The Trang Luxury Villa Nha Trang,98,4/30/2020
tmatveichevbo,mgoodinbo,8,china-unionpay,Holi Panorama Nha Trang,7,5/22/2020
jguidenbp,isaipybp,1,china-unionpay,The Costa Nha Trang Residences,25,4/19/2020
frothambq,mdemichelebq,7,maestro,Queen Ann Nha Trang Hotel,19,8/5/2020
mdanjoiebr,awestmorlandbr,10,jcb,Imperial Nha Trang,29,9/28/2020
fdivebs,tbiagibs,2,jcb,Sheraton Nha Trang,35,1/20/2020
gcunninghambt,csleightholmbt,1,maestro,Muong Thanh Luxury Khanh Hoa,95,4/22/2020
bvolksbu,baireybu,4,mastercard,Maple Hotel &amp; Apartment,98,10/10/2020
gosgerbybv,jnicholsonbv,5,jcb,InterContinental Nha Trang,96,12/7/2020
jziemebw,gmonnibw,7,diners-club-enroute,Muong Thanh Luxury Nha Trang Hotel,47,1/25/2020
dmerrywetherbx,htrunchionbx,10,jcb,Alpha Bird Nha Trang Managed By RHM GROUP,80,8/8/2020
ashawby,wspellecyby,4,switch,Amiana Resort and Villas Nha Trang,74,3/19/2020
eblackmorebz,mbucklebz,10,jcb,Boton Blue Hotel &amp; Spa,57,6/4/2020
ahitzmannc0,jlarkinsc0,6,jcb,Vinpearl Discovery 1 Nha Trang,77,1/17/2020
civshinc1,rberec1,6,diners-club-carte-blanche,Mia Resort Nha Trang,44,5/23/2020
pbuckwellc2,jghelardic2,5,diners-club-carte-blanche,Star Beach Panorama,20,8/24/2020
lervinec3,estrongmanc3,4,jcb,Vinpearl Discovery 2 Nha Trang,48,10/13/2020
sgoodhayc4,gcoppenc4,4,jcb,Mega Light Hotel Managed By RHM GROUP,81,1/13/2020
fskogginsc5,apoorc5,9,diners-club-international,Venity Villa Nha Trang,10,10/5/2020
wmcalinionc6,jswiresc6,10,jcb,Rubies Nha Trang Apartment,90,9/17/2020
mcattemullc7,ccrawleyc7,6,mastercard,Hotel Novotel Nha Trang,78,9/17/2020
fgamblinc8,cpoultonc8,9,diners-club-carte-blanche,BOSS Hotel managed by NEST Group,5,5/18/2020
gphysicc9,fsallisc9,4,jcb,DTX Hotel Nha Trang,31,12/5/2020
jdrableca,gmannockca,2,mastercard,Le More Hotel,98,4/22/2020
tgindghillcb,dniececb,1,switch,Sunrise Nha Trang Beach Hotel &amp; Spa,80,6/12/2020
wjanatkacc,eeverwincc,2,jcb,The Trang Luxury Villa Nha Trang,13,7/6/2020
gdaykincd,rtezurecd,7,bankcard,Holi Panorama Nha Trang,19,7/27/2020
ppigeonce,cmouldsce,3,jcb,The Costa Nha Trang Residences,88,10/1/2020
inorthcf,nrenhardcf,2,laser,Queen Ann Nha Trang Hotel,80,4/2/2020
dyokleycg,dclyntercg,5,jcb,Imperial Nha Trang,86,12/5/2020
tkinderch,avokesch,9,visa-electron,Sheraton Nha Trang,67,5/17/2020
htremathackci,mwayteci,5,visa-electron,Muong Thanh Luxury Khanh Hoa,75,11/20/2020
lrodellcj,kmajorcj,8,maestro,Maple Hotel &amp; Apartment,17,7/27/2020
lmcginlayck,eolpinck,10,mastercard,InterContinental Nha Trang,27,4/3/2020
ssacazecl,gscarrattcl,9,jcb,Muong Thanh Luxury Nha Trang Hotel,87,1/8/2020
zbreslandcm,mgellioncm,9,instapayment,Alpha Bird Nha Trang Managed By RHM GROUP,6,8/29/2020
kyesinovcn,ajantzencn,1,jcb,Amiana Resort and Villas Nha Trang,90,8/22/2020
oalejandreco,lairthco,10,diners-club-carte-blanche,Boton Blue Hotel &amp; Spa,72,2/17/2020
pbidnallcp,lbaslercp,6,jcb,Vinpearl Discovery 1 Nha Trang,81,3/22/2020
dothickcq,tbairnsfathercq,5,switch,Mia Resort Nha Trang,27,7/5/2020
olumsdalecr,bsabeycr,4,jcb,Star Beach Panorama,22,6/2/2020
gpetrushkacs,cbowbrickcs,4,jcb,Vinpearl Discovery 2 Nha Trang,27,3/18/2020
wmacgettigenct,fliquorishct,8,jcb,Mega Light Hotel Managed By RHM GROUP,37,8/13/2020
rcartmelcu,tzorzincu,8,mastercard,Venity Villa Nha Trang,67,1/22/2020
jtyrwhittcv,krobichoncv,9,visa-electron,Rubies Nha Trang Apartment,36,5/21/2020
hdampiercw,pwakelincw,5,visa,Hotel Novotel Nha Trang,8,2/16/2020
fdranecx,treddochcx,1,bankcard,BOSS Hotel managed by NEST Group,27,4/15/2020
ssundincy,kseatoncy,2,jcb,DTX Hotel Nha Trang,69,8/13/2020
idingatecz,clodemanncz,6,mastercard,Le More Hotel,6,1/14/2020
aspaceyd0,uboyackd0,1,mastercard,Sunrise Nha Trang Beach Hotel &amp; Spa,72,7/29/2020
maronsd1,gfairbairnd1,5,jcb,The Trang Luxury Villa Nha Trang,34,9/11/2020
cbourgourd2,emanilowd2,4,jcb,Holi Panorama Nha Trang,6,12/22/2020
blerohand3,lsharrattd3,4,maestro,The Costa Nha Trang Residences,61,2/12/2020
cannakind4,sdolohuntyd4,6,americanexpress,Queen Ann Nha Trang Hotel,91,1/20/2020
aburyd5,wlabroued5,9,jcb,Imperial Nha Trang,25,8/29/2020
molubyd6,lroakesd6,8,jcb,Sheraton Nha Trang,15,7/14/2020
lblaind7,mcrosherd7,8,switch,Muong Thanh Luxury Khanh Hoa,73,8/10/2020
kstuttardd8,gnanuccioid8,9,americanexpress,Maple Hotel &amp; Apartment,17,6/11/2020
rslorad9,nyerralld9,9,diners-club-enroute,InterContinental Nha Trang,21,8/9/2020
labarrowda,pmccuskerda,1,americanexpress,Muong Thanh Luxury Nha Trang Hotel,33,11/14/2020
aswannelldb,mskilbeckdb,9,jcb,Alpha Bird Nha Trang Managed By RHM GROUP,50,4/9/2020
asegebrechtdc,mspikinsdc,7,diners-club-carte-blanche,Amiana Resort and Villas Nha Trang,21,3/26/2020
jblazydd,bvoycedd,3,maestro,Boton Blue Hotel &amp; Spa,16,6/17/2020
yfilleryde,otrickettde,1,jcb,Vinpearl Discovery 1 Nha Trang,22,11/18/2020
datterleydf,gmaccoughandf,2,switch,Mia Resort Nha Trang,8,1/7/2020
cpaternodg,chandlindg,7,switch,Star Beach Panorama,26,9/18/2020
cbodimeadedh,igrishkovdh,4,jcb,Vinpearl Discovery 2 Nha Trang,77,10/11/2020
awhertondi,swaddydi,2,jcb,Mega Light Hotel Managed By RHM GROUP,66,4/21/2020
cheinemanndj,mavrahamiandj,1,mastercard,Venity Villa Nha Trang,31,5/23/2020
kshapirodk,whamlyndk,5,jcb,Rubies Nha Trang Apartment,93,12/15/2020
kjarleydl,avedyaevdl,1,diners-club-carte-blanche,Hotel Novotel Nha Trang,18,8/18/2020
rvalentinedm,gsidworthdm,2,jcb,BOSS Hotel managed by NEST Group,53,6/7/2020
alabounedn,afauschdn,2,diners-club-enroute,DTX Hotel Nha Trang,65,1/12/2020
acushellydo,ddockraydo,1,visa,Le More Hotel,8,5/10/2020
mbatesondp,rwyllcocksdp,4,switch,Sunrise Nha Trang Beach Hotel &amp; Spa,83,4/7/2020
tgreevesdq,pvasilyonokdq,2,americanexpress,The Trang Luxury Villa Nha Trang,96,3/11/2020
lgratrexdr,ijoselevitzdr,2,jcb,Holi Panorama Nha Trang,96,3/25/2020
ppedersends,bsherryds,7,jcb,The Costa Nha Trang Residences,40,8/16/2020
ocaistordt,fcrombdt,3,jcb,Queen Ann Nha Trang Hotel,20,6/13/2020
ugwynnedu,hdethloffdu,4,diners-club-international,Imperial Nha Trang,95,5/30/2020
lkeohanedv,iableydv,8,jcb,Sheraton Nha Trang,6,1/23/2020
glinsaydw,srabbagedw,8,jcb,Muong Thanh Luxury Khanh Hoa,72,11/29/2020
msummersettdx,zmilburndx,3,switch,Maple Hotel &amp; Apartment,33,5/22/2020
tcheesleydy,fsearbydy,1,visa,InterContinental Nha Trang,47,7/8/2020
hmacgraithdz,erowlettdz,10,jcb,Muong Thanh Luxury Nha Trang Hotel,13,1/3/2021
tcookneye0,tbolgere0,8,mastercard,Alpha Bird Nha Trang Managed By RHM GROUP,25,5/24/2020
rheadleye1,kroncae1,7,jcb,Amiana Resort and Villas Nha Trang,63,11/27/2020
lwalasike2,whaselle2,5,jcb,Boton Blue Hotel &amp; Spa,63,12/4/2020
emaldine3,cphipparde3,3,jcb,Vinpearl Discovery 1 Nha Trang,1,11/24/2020
bdrablee4,hmaudee4,2,jcb,Mia Resort Nha Trang,90,3/30/2020
esimonazzie5,cchamberse5,7,jcb,Star Beach Panorama,96,3/25/2020
afreddie6,bmaccarte6,4,diners-club-enroute,Vinpearl Discovery 2 Nha Trang,12,4/27/2020
gmillionse7,cthornewille7,8,jcb,Mega Light Hotel Managed By RHM GROUP,48,12/17/2020
cpudene8,dcarslawe8,1,switch,Venity Villa Nha Trang,41,8/23/2020
kheatere9,anaismithe9,1,maestro,Rubies Nha Trang Apartment,40,3/7/2020
ggatlinea,jcymperea,3,jcb,Hotel Novotel Nha Trang,30,2/29/2020
afairlaweb,nhaugheyeb,7,jcb,BOSS Hotel managed by NEST Group,78,3/9/2020
etuffellec,btruemanec,9,visa-electron,DTX Hotel Nha Trang,15,6/21/2020
csongered,bnaullsed,8,jcb,Le More Hotel,3,5/29/2020
bballingalee,htreacheree,5,visa-electron,Sunrise Nha Trang Beach Hotel &amp; Spa,22,11/15/2020
dcogginsef,rklugelef,6,jcb,The Trang Luxury Villa Nha Trang,14,12/7/2020
tbelfiteg,mkurtheg,4,jcb,Holi Panorama Nha Trang,89,1/31/2020
jpyeeh,dbarchrameeveh,9,china-unionpay,The Costa Nha Trang Residences,47,12/14/2020
kdevineyei,npetriei,9,switch,Queen Ann Nha Trang Hotel,20,10/17/2020
xgelderej,ehinschej,1,mastercard,Imperial Nha Trang,33,5/16/2020
rmackrellek,ajanickiek,4,jcb,Sheraton Nha Trang,62,8/1/2020
rmarmionel,nstreetel,9,jcb,Muong Thanh Luxury Khanh Hoa,56,5/15/2020
hormistoneem,gpentecostem,2,jcb,Maple Hotel &amp; Apartment,100,2/26/2020
adowsonen,nthayreen,4,switch,InterContinental Nha Trang,53,1/19/2020
tstuckeeo,smcgeraghtyeo,8,jcb,Muong Thanh Luxury Nha Trang Hotel,99,2/29/2020
vgateshillep,bochterlonyep,2,maestro,Alpha Bird Nha Trang Managed By RHM GROUP,74,7/3/2020
ssauttereq,gserriseq,10,switch,Amiana Resort and Villas Nha Trang,69,7/8/2020
dfantier,agutierrezer,9,jcb,Boton Blue Hotel &amp; Spa,69,3/28/2020
bthomes,bblackleyes,3,jcb,Vinpearl Discovery 1 Nha Trang,96,11/20/2020
dakredet,bpetcheyet,9,laser,Mia Resort Nha Trang,46,11/24/2020
scaveeu,ucallingtoneu,10,jcb,Star Beach Panorama,18,1/28/2020
alaurieev,dlonghornev,7,jcb,Vinpearl Discovery 2 Nha Trang,23,6/17/2020
jcooteew,rbatsonew,5,instapayment,Mega Light Hotel Managed By RHM GROUP,6,11/4/2020
ehryniewickiex,lmaccallionex,5,jcb,Venity Villa Nha Trang,42,12/26/2020
aoughey,cmeinerey,8,jcb,Rubies Nha Trang Apartment,35,11/3/2020
egussinez,mcrannellez,6,jcb,Hotel Novotel Nha Trang,40,4/15/2020
hdorlingf0,apuffettf0,9,china-unionpay,BOSS Hotel managed by NEST Group,97,5/16/2020
scarderf1,mfrearsonf1,7,diners-club-carte-blanche,DTX Hotel Nha Trang,91,8/6/2020
ppresdeef2,mholtf2,1,instapayment,Le More Hotel,94,12/30/2020
gbalyf3,lcleeref3,9,jcb,Sunrise Nha Trang Beach Hotel &amp; Spa,89,2/10/2020
lclydef4,jmollindiniaf4,3,jcb,The Trang Luxury Villa Nha Trang,62,12/2/2020
rpavesef5,akearyf5,7,switch,Holi Panorama Nha Trang,93,5/22/2020
cvennardf6,kdurtnallf6,3,jcb,The Costa Nha Trang Residences,2,7/29/2020
dsilcoxf7,rcarettef7,10,mastercard,Queen Ann Nha Trang Hotel,41,6/14/2020
vstennettf8,lmorsheadf8,3,jcb,Imperial Nha Trang,38,11/24/2020
bperezf9,hrowntreef9,7,diners-club-carte-blanche,Sheraton Nha Trang,2,9/30/2020
mroycefa,rschneidaufa,8,china-unionpay,Muong Thanh Luxury Khanh Hoa,73,2/16/2020
bjestefb,rbattyllfb,6,americanexpress,Maple Hotel &amp; Apartment,77,2/23/2020
cscafefc,cbenkafc,6,bankcard,InterContinental Nha Trang,96,12/4/2020
vstrowanfd,dkinradefd,5,jcb,Muong Thanh Luxury Nha Trang Hotel,5,11/3/2020
blayfieldfe,cancketillfe,5,jcb,Alpha Bird Nha Trang Managed By RHM GROUP,40,5/27/2020
mpennettaff,nbyllamff,9,jcb,Amiana Resort and Villas Nha Trang,82,12/1/2020
rbowlerfg,bpondefg,7,switch,Boton Blue Hotel &amp; Spa,3,1/4/2020
mbartlefh,aayllettfh,5,china-unionpay,Vinpearl Discovery 1 Nha Trang,26,7/14/2020
seglefi,ghankinsfi,7,instapayment,Mia Resort Nha Trang,28,7/4/2020
dambroisfj,renriquefj,2,mastercard,Star Beach Panorama,42,4/11/2020
ygillisonfk,ccollidgefk,7,jcb,Vinpearl Discovery 2 Nha Trang,91,9/9/2020
rgaltonefl,kkittoefl,8,china-unionpay,Mega Light Hotel Managed By RHM GROUP,88,10/26/2020
gmccaddenfm,oblaineyfm,7,bankcard,Venity Villa Nha Trang,36,12/12/2020
sclemofn,nmyrtlefn,1,mastercard,Rubies Nha Trang Apartment,77,10/16/2020
jeglinfo,dcaltunfo,6,mastercard,Hotel Novotel Nha Trang,100,2/23/2020
nairesfp,ktreverfp,6,china-unionpay,BOSS Hotel managed by NEST Group,83,9/12/2020
yritchfq,acamisfq,6,jcb,DTX Hotel Nha Trang,99,1/6/2020
ebachefr,cafieldfr,5,visa-electron,Le More Hotel,86,9/30/2020
falmonfs,skendallfs,1,diners-club-enroute,Sunrise Nha Trang Beach Hotel &amp; Spa,80,9/21/2020
vfishburnft,wproppersft,4,jcb,The Trang Luxury Villa Nha Trang,7,7/18/2020
dlowndesbroughfu,ngoscarfu,4,jcb,Holi Panorama Nha Trang,68,9/23/2020
mmalthusfv,xolohanfv,10,mastercard,The Costa Nha Trang Residences,92,6/19/2020
msmalmanfw,fpetrusfw,10,solo,Queen Ann Nha Trang Hotel,57,6/15/2020
wjarmynfx,jpascoefx,9,diners-club-international,Imperial Nha Trang,57,10/22/2020
nskelhornfy,kvanellify,8,jcb,Sheraton Nha Trang,20,8/11/2020
aslayfordfz,ctoolanfz,10,visa,Muong Thanh Luxury Khanh Hoa,18,2/9/2020
fhindrichg0,mwaltersg0,5,visa,Maple Hotel &amp; Apartment,55,3/20/2020
rbottleg1,hravenhillsg1,9,diners-club-carte-blanche,InterContinental Nha Trang,56,6/14/2020
aridleyg2,imarriageg2,4,jcb,Muong Thanh Luxury Nha Trang Hotel,58,5/10/2020
mjoistg3,awinterfloodg3,4,diners-club-us-ca,Alpha Bird Nha Trang Managed By RHM GROUP,8,8/26/2020
phammelbergg4,jhellensg4,6,mastercard,Amiana Resort and Villas Nha Trang,89,10/31/2020
hnisetg5,titzikg5,10,jcb,Boton Blue Hotel &amp; Spa,42,9/25/2020
jwoolattg6,arohloffg6,5,americanexpress,Vinpearl Discovery 1 Nha Trang,64,4/21/2020
mfridg7,gsporesg7,8,visa,Mia Resort Nha Trang,37,9/10/2020
qskewisg8,erebbeckg8,4,jcb,Star Beach Panorama,87,3/31/2020
rslateng9,coldroydg9,5,mastercard,Vinpearl Discovery 2 Nha Trang,47,5/10/2020
ewagerfieldga,esimcoxga,9,jcb,Mega Light Hotel Managed By RHM GROUP,41,10/3/2020
btaborregb,scausbygb,3,jcb,Venity Villa Nha Trang,54,1/7/2020
hgabbattgc,ksiddengc,9,jcb,Rubies Nha Trang Apartment,14,8/20/2020
iwinterfloodgd,tkantergd,6,bankcard,Hotel Novotel Nha Trang,39,11/14/2020
ndrezzerge,mbirchallge,3,diners-club-carte-blanche,BOSS Hotel managed by NEST Group,66,8/9/2020
mrennardgf,wjellicorsegf,6,diners-club-carte-blanche,DTX Hotel Nha Trang,72,10/20/2020
aarchbuttgg,bgilbeartgg,10,jcb,Le More Hotel,22,6/11/2020
avalesgh,aaudrittgh,1,instapayment,Sunrise Nha Trang Beach Hotel &amp; Spa,26,11/17/2020
csjollemagi,cshottingi,7,americanexpress,The Trang Luxury Villa Nha Trang,18,6/19/2020
mkeenorgj,rkeblegj,5,mastercard,Holi Panorama Nha Trang,58,10/12/2020
mfairbairngk,tarnkegk,8,diners-club-us-ca,The Costa Nha Trang Residences,14,11/20/2020
bzanottigl,cwynchgl,4,jcb,Queen Ann Nha Trang Hotel,90,5/20/2020
eokendengm,cdurnfordgm,8,jcb,Imperial Nha Trang,96,10/23/2020
gwilhelmygn,qelgeygn,4,switch,Sheraton Nha Trang,13,1/23/2020
cmcjarrowgo,hvickerstaffgo,4,jcb,Muong Thanh Luxury Khanh Hoa,7,4/10/2020
dseawardgp,tpiggotgp,8,jcb,Maple Hotel &amp; Apartment,77,9/6/2020
csmallgq,dhackinggq,10,jcb,InterContinental Nha Trang,52,10/11/2020
yrobardgr,zfessbygr,8,americanexpress,Muong Thanh Luxury Nha Trang Hotel,37,7/31/2020
ffitzalangs,pgilhouleygs,8,jcb,Alpha Bird Nha Trang Managed By RHM GROUP,42,10/16/2020
nwitherdongt,rgirodgt,2,jcb,Amiana Resort and Villas Nha Trang,18,1/18/2020
cbascombgu,aheldergu,8,jcb,Boton Blue Hotel &amp; Spa,53,6/29/2020
bbeazeygv,mhowsangv,8,jcb,Vinpearl Discovery 1 Nha Trang,43,9/2/2020
jbarcagw,ekemetgw,3,maestro,Mia Resort Nha Trang,82,3/12/2020
ngorringegx,gpettitgx,1,jcb,Star Beach Panorama,50,7/9/2020
ndrewellgy,tlamblingy,2,jcb,Vinpearl Discovery 2 Nha Trang,66,3/23/2020
ndodlegz,aambersongz,1,jcb,Mega Light Hotel Managed By RHM GROUP,58,10/22/2020
epasseyh0,mkyneh0,7,bankcard,Venity Villa Nha Trang,9,11/19/2020
afidgeh1,cscallyh1,8,mastercard,Rubies Nha Trang Apartment,45,3/23/2020
eportwainh2,bkmicickih2,6,maestro,Hotel Novotel Nha Trang,66,8/11/2020
nfraczkiewiczh3,bkirscheh3,2,diners-club-enroute,BOSS Hotel managed by NEST Group,20,2/29/2020
dconyerh4,cdayceh4,9,diners-club-enroute,DTX Hotel Nha Trang,85,10/5/2020
sraeh5,bhuddyh5,2,jcb,Le More Hotel,59,4/15/2020
lgarrisonh6,ptreppash6,7,mastercard,Sunrise Nha Trang Beach Hotel &amp; Spa,31,4/5/2020
mjedrzejczakh7,gwarlaweh7,6,switch,The Trang Luxury Villa Nha Trang,100,1/8/2020
tfransemaih8,jmindenhallh8,1,jcb,Holi Panorama Nha Trang,50,5/6/2020
hdearsleyh9,dwerlockh9,2,visa-electron,The Costa Nha Trang Residences,15,2/24/2020
cpoacherha,sreeha,4,americanexpress,Queen Ann Nha Trang Hotel,99,12/22/2020
jdawdaryhb,akoeppehb,6,jcb,Imperial Nha Trang,60,10/5/2020
hskillingtonhc,alongsonhc,10,jcb,Sheraton Nha Trang,55,6/26/2020
mmattiatohd,emcquakerhd,10,jcb,Muong Thanh Luxury Khanh Hoa,36,1/25/2020
cetteryhe,wcosgrivehe,7,americanexpress,Maple Hotel &amp; Apartment,19,11/20/2020
fbouzekhf,gputnamhf,4,diners-club-enroute,InterContinental Nha Trang,23,8/24/2020
chanehg,vblockhg,10,visa-electron,Muong Thanh Luxury Nha Trang Hotel,45,11/8/2020
shannabyhh,dburdashh,10,jcb,Alpha Bird Nha Trang Managed By RHM GROUP,67,1/27/2020
vhobberthi,ghosierhi,1,mastercard,Amiana Resort and Villas Nha Trang,83,3/11/2020
sbillhj,evenardhj,7,jcb,Boton Blue Hotel &amp; Spa,33,5/10/2020
smcgaviganhk,spaviehk,7,jcb,Vinpearl Discovery 1 Nha Trang,94,1/21/2020
ebethunehl,wcormackhl,4,americanexpress,Mia Resort Nha Trang,83,7/13/2020
bknapphm,lyouelhm,6,mastercard,Star Beach Panorama,21,8/6/2020
bbroaderhn,ljentgeshn,6,jcb,Vinpearl Discovery 2 Nha Trang,37,11/30/2020
rmalinsonho,mlintallho,3,jcb,Mega Light Hotel Managed By RHM GROUP,3,3/26/2020
twilseehp,dianninihp,9,jcb,Venity Villa Nha Trang,81,1/4/2020
jjarrethq,rmaffinihq,1,jcb,Rubies Nha Trang Apartment,59,6/30/2020
abrainehr,lrignoldeshr,10,jcb,Hotel Novotel Nha Trang,27,2/3/2020
nbalazoths,lsharphousehs,4,jcb,BOSS Hotel managed by NEST Group,35,9/3/2020
bbowlandht,ltolworthht,5,switch,DTX Hotel Nha Trang,68,3/28/2020
foliverpaullhu,gabellhu,6,china-unionpay,Le More Hotel,61,9/6/2020
cchiechiohv,amilleahv,1,diners-club-enroute,Sunrise Nha Trang Beach Hotel &amp; Spa,3,7/20/2020
shelbeckhw,cmansionhw,3,bankcard,The Trang Luxury Villa Nha Trang,41,10/19/2020
lbiglandhx,bmosehx,2,jcb,Holi Panorama Nha Trang,80,5/11/2020
jpiwellhy,rdecristofalohy,5,americanexpress,The Costa Nha Trang Residences,14,6/25/2020
gmcdonaldhz,tshoremanhz,6,diners-club-enroute,Queen Ann Nha Trang Hotel,56,9/18/2020
ddomineyi0,cranglei0,9,americanexpress,Imperial Nha Trang,33,8/5/2020
dserfatii1,jrosei1,3,bankcard,Sheraton Nha Trang,99,1/24/2020
eloydi2,bscammondeni2,8,bankcard,Muong Thanh Luxury Khanh Hoa,70,3/12/2020
ggresswoodi3,nlapadulai3,3,jcb,Maple Hotel &amp; Apartment,79,11/3/2020
lelegoodi4,cfigurai4,10,visa-electron,InterContinental Nha Trang,21,8/11/2020
rokennavaini5,lmcgarvai5,5,jcb,Muong Thanh Luxury Nha Trang Hotel,65,2/22/2020
wnugenti6,randeri6,9,visa,Alpha Bird Nha Trang Managed By RHM GROUP,21,2/14/2020
nsnoxilli7,bgougei7,6,mastercard,Amiana Resort and Villas Nha Trang,92,4/19/2020
gblackleyi8,afredii8,9,jcb,Boton Blue Hotel &amp; Spa,69,3/16/2020
wdouchei9,fcainesi9,7,bankcard,Vinpearl Discovery 1 Nha Trang,69,10/20/2020
yjoberneia,cvalderia,2,jcb,Mia Resort Nha Trang,2,3/30/2020
ilornsenib,ewharltonib,2,jcb,Star Beach Panorama,37,7/7/2020
tkasic,nbrinkleric,6,mastercard,Vinpearl Discovery 2 Nha Trang,53,8/9/2020
bolliarid,bhattid,4,mastercard,Mega Light Hotel Managed By RHM GROUP,99,1/2/2021
nscamerdineie,bbaldiniie,10,jcb,Venity Villa Nha Trang,99,4/11/2020
dnajeraif,sgoareif,2,china-unionpay,Rubies Nha Trang Apartment,39,7/18/2020
wmullissig,ckahanig,6,visa-electron,Hotel Novotel Nha Trang,53,6/30/2020
ccowderayih,cmarlandih,6,mastercard,BOSS Hotel managed by NEST Group,28,10/4/2020
chardemanii,pmatantsevii,2,switch,DTX Hotel Nha Trang,11,5/29/2020
dmalyij,kdericotij,6,mastercard,Le More Hotel,59,4/6/2020
kfairfullik,cbenettoloik,9,jcb,Sunrise Nha Trang Beach Hotel &amp; Spa,81,9/27/2020
aisakowiczil,nwalthoil,7,mastercard,The Trang Luxury Villa Nha Trang,24,2/15/2020
rcuerdaleim,rwainmanim,5,jcb,Holi Panorama Nha Trang,50,9/6/2020
dmanvellin,jtilneyin,1,americanexpress,The Costa Nha Trang Residences,26,5/5/2020
sduddleio,tgerlingio,9,jcb,Queen Ann Nha Trang Hotel,98,11/14/2020
ipurseip,ckerip,10,jcb,Imperial Nha Trang,3,9/22/2020
kdelacouriq,mchapelleiq,10,maestro,Sheraton Nha Trang,74,10/6/2020
bmckallir,sgrieveir,5,jcb,Muong Thanh Luxury Khanh Hoa,58,7/1/2020
kwinnardis,agreenleyis,9,china-unionpay,Maple Hotel &amp; Apartment,17,3/28/2020
scunniamit,imustooit,2,china-unionpay,InterContinental Nha Trang,43,3/31/2020
cfiddianiu,amacruryiu,10,diners-club-carte-blanche,Muong Thanh Luxury Nha Trang Hotel,54,2/16/2020
dglenisteriv,jdanilchikiv,8,visa,Alpha Bird Nha Trang Managed By RHM GROUP,61,6/26/2020
fbuffeyiw,jjosupeitiw,6,jcb,Amiana Resort and Villas Nha Trang,12,4/10/2020
mcatterallix,sgerataschix,9,china-unionpay,Boton Blue Hotel &amp; Spa,64,11/2/2020
mscullioniy,mgrestieiy,9,jcb,Vinpearl Discovery 1 Nha Trang,75,6/11/2020
djeandetiz,cribboniz,2,diners-club-us-ca,Mia Resort Nha Trang,24,10/11/2020
sdewarj0,dhimpsonj0,8,jcb,Star Beach Panorama,15,5/20/2020
ehickinj1,cseeryj1,2,diners-club-carte-blanche,Vinpearl Discovery 2 Nha Trang,82,3/12/2020
jskeaj2,cshacklefordj2,8,jcb,Mega Light Hotel Managed By RHM GROUP,7,11/9/2020
dhammentsj3,mdaethj3,7,china-unionpay,Venity Villa Nha Trang,43,3/8/2020
kleftleyj4,sredhollsj4,1,mastercard,Rubies Nha Trang Apartment,36,5/21/2020
ginglesj5,gcoryndonj5,1,jcb,Hotel Novotel Nha Trang,61,7/8/2020
nbordessaj6,gwillgoosej6,3,jcb,BOSS Hotel managed by NEST Group,98,3/29/2020
kannearj7,mmulroyj7,3,jcb,DTX Hotel Nha Trang,68,4/19/2020
mkellerj8,jbettj8,1,switch,Le More Hotel,93,12/21/2020
echippendalej9,jwarcupj9,10,jcb,Sunrise Nha Trang Beach Hotel &amp; Spa,54,10/13/2020
pharlockja,cffoulkesja,5,jcb,The Trang Luxury Villa Nha Trang,52,12/14/2020
twhalljb,rretallickjb,9,jcb,Holi Panorama Nha Trang,6,10/29/2020
jnonojc,lstonemanjc,3,jcb,The Costa Nha Trang Residences,91,1/18/2020
evonbrookjd,wdrinkalejd,5,jcb,Queen Ann Nha Trang Hotel,65,9/13/2020
mtingcombje,rsatterleeje,4,mastercard,Imperial Nha Trang,6,2/5/2020
jstirzakerjf,uallpressjf,6,switch,Sheraton Nha Trang,5,1/28/2020
pduferjg,tanthiftlejg,8,mastercard,Muong Thanh Luxury Khanh Hoa,29,3/25/2020
ajeenesjh,apiesingjh,8,jcb,Maple Hotel &amp; Apartment,35,6/2/2020
bbattyeji,obrewettji,2,mastercard,InterContinental Nha Trang,85,6/27/2020
fiapicojj,akalischjj,10,diners-club-enroute,Muong Thanh Luxury Nha Trang Hotel,53,9/2/2020
dscollanjk,mspratlingjk,5,diners-club-carte-blanche,Alpha Bird Nha Trang Managed By RHM GROUP,25,5/27/2020
esellersjl,sroganjl,2,mastercard,Amiana Resort and Villas Nha Trang,13,2/13/2020
kwinthropjm,noddajm,4,visa-electron,Boton Blue Hotel &amp; Spa,21,10/28/2020
pflowerdenjn,challgathjn,6,visa-electron,Vinpearl Discovery 1 Nha Trang,58,5/12/2020
kmonanjo,mtraherjo,3,instapayment,Mia Resort Nha Trang,41,1/30/2020
gdineenjp,jdowseyjp,1,jcb,Star Beach Panorama,26,5/12/2020
redmeadesjq,krousjq,8,laser,Vinpearl Discovery 2 Nha Trang,47,9/20/2020
tmurthwaitejr,habotsonjr,2,jcb,Mega Light Hotel Managed By RHM GROUP,76,3/12/2020
ngarnsworthyjs,htoobyjs,4,jcb,Venity Villa Nha Trang,62,2/28/2020
osilverwoodjt,cleverjt,8,americanexpress,Rubies Nha Trang Apartment,44,8/1/2020
fpitkeathlyju,llowselyju,8,china-unionpay,Hotel Novotel Nha Trang,44,5/10/2020
rearryjv,elackeyejv,8,americanexpress,BOSS Hotel managed by NEST Group,76,11/9/2020
ppestorjw,hdurtnaljw,8,jcb,DTX Hotel Nha Trang,52,10/12/2020
flantjx,ehuguevillejx,9,laser,Le More Hotel,15,1/8/2020
dcarlonijy,cdudingjy,3,maestro,Sunrise Nha Trang Beach Hotel &amp; Spa,7,11/30/2020
czarfatjz,abreconjz,2,jcb,The Trang Luxury Villa Nha Trang,25,11/22/2020
vyearbyk0,ofrankcomk0,2,jcb,Holi Panorama Nha Trang,99,9/12/2020
csteedenk1,mchafneyk1,9,jcb,The Costa Nha Trang Residences,76,2/8/2020
vgowardk2,jhumphrisk2,3,americanexpress,Queen Ann Nha Trang Hotel,71,10/8/2020
sverillok3,atabrettk3,5,mastercard,Imperial Nha Trang,36,2/18/2020
aeadsk4,hgravestonk4,7,jcb,Sheraton Nha Trang,95,2/14/2020
fburnesk5,rgrahlmansk5,4,americanexpress,Muong Thanh Luxury Khanh Hoa,90,2/21/2020
lstrittonk6,deberstk6,2,china-unionpay,Maple Hotel &amp; Apartment,77,8/14/2020
fixerk7,fpettisk7,9,switch,InterContinental Nha Trang,32,4/25/2020
nshervingtonk8,hcrannagek8,2,visa-electron,Muong Thanh Luxury Nha Trang Hotel,67,11/27/2020
dstuttk9,aphipardshearsk9,8,jcb,Alpha Bird Nha Trang Managed By RHM GROUP,69,3/21/2020
jbaiteyka,cgallerka,3,jcb,Amiana Resort and Villas Nha Trang,53,1/21/2020
lcavillakb,gdoubledaykb,6,mastercard,Boton Blue Hotel &amp; Spa,80,8/8/2020
zosseltonkc,golliskc,1,mastercard,Vinpearl Discovery 1 Nha Trang,84,1/25/2020
dolenanekd,lwackettkd,5,jcb,Mia Resort Nha Trang,86,2/20/2020
zkittleyke,aocriganke,2,switch,Star Beach Panorama,88,10/15/2020
snelliskf,aleilekf,8,jcb,Vinpearl Discovery 2 Nha Trang,23,1/17/2020
eoneligankg,dkiffinkg,2,bankcard,Mega Light Hotel Managed By RHM GROUP,32,9/24/2020
mbastimankh,nswannellkh,8,jcb,Venity Villa Nha Trang,93,9/10/2020
kstaneski,bbesantki,10,visa-electron,Rubies Nha Trang Apartment,16,2/26/2020
aballancekj,cliaskj,5,switch,Hotel Novotel Nha Trang,23,10/14/2020
nchildkk,ndurbinkk,4,maestro,BOSS Hotel managed by NEST Group,57,9/22/2020
cdoddskl,cgoeffkl,7,jcb,DTX Hotel Nha Trang,1,1/30/2020
gblincowkm,mwiddowfieldkm,1,china-unionpay,Le More Hotel,38,11/5/2020
tthrustlekn,vkienzlekn,2,jcb,Sunrise Nha Trang Beach Hotel &amp; Spa,53,4/16/2020
pvanesko,cgreyesko,1,jcb,The Trang Luxury Villa Nha Trang,11,1/19/2020
ahuegettkp,arubbertskp,5,jcb,Holi Panorama Nha Trang,26,1/30/2020
cbuggkq,olangekq,5,instapayment,The Costa Nha Trang Residences,34,1/26/2020
awroathkr,dbarthroppkr,3,instapayment,Queen Ann Nha Trang Hotel,63,2/1/2020
ftitheridgeks,qellwandks,2,jcb,Imperial Nha Trang,35,12/24/2020
pfaynekt,rtitteringtonkt,3,jcb,Aroma hotel,70,5/25/2020
fbostickku,dgillespeyku,1,jcb,Aroma hotel,5,5/19/2020
kdandokv,kscurlockkv,4,jcb,Aroma resort,100,4/28/2020
cvamplerskw,bsmurfitkw,5,switch,Aroma Đà Lạt,51,9/8/2020
ltouseykx,ttuppenyb2,9,jcb,Imperial Nha Trang,79,6/10/2020
nhubatschky,tearlamb3,8,jcb,Sheraton Nha Trang,42,9/27/2020
adannellkz,cponteb4,9,laser,Muong Thanh Luxury Khanh Hoa,23,2/24/2020
cmackeggl0,rdalbeyb5,6,jcb,Maple Hotel &amp; Apartment,96,1/13/2020
tmatthesiusl1,clatchfordb6,9,diners-club-carte-blanche,InterContinental Nha Trang,67,4/14/2020
shailyl2,amaberleyb7,4,laser,Muong Thanh Luxury Nha Trang Hotel,53,12/27/2020
comurtaghl3,ewestollb8,6,jcb,Alpha Bird Nha Trang Managed By RHM GROUP,10,1/21/2020
jfranklandl4,cjobb9,3,jcb,Amiana Resort and Villas Nha Trang,84,9/9/2020
swooffl5,lkraleba,3,jcb,Boton Blue Hotel &amp; Spa,45,5/23/2020
lcalafatel6,ccattellionbb,4,diners-club-enroute,Vinpearl Discovery 1 Nha Trang,8,12/23/2020
mliddlel7,gdewbc,7,diners-club-us-ca,Mia Resort Nha Trang,69,3/16/2020
dkivellel8,bhindenbergerbd,6,jcb,Star Beach Panorama,29,1/7/2020
schiplinl9,jfirmagerbe,10,bankcard,Vinpearl Discovery 2 Nha Trang,100,9/6/2020
sbootsla,omccarrollbf,3,visa,Mega Light Hotel Managed By RHM GROUP,59,5/20/2020
lceaserlb,godroughtbg,8,jcb,Venity Villa Nha Trang,37,6/3/2020
lhucklebylc,hwaleworkebh,7,jcb,Rubies Nha Trang Apartment,98,1/21/2020
rgurlingld,jcaudreybi,7,jcb,Hotel Novotel Nha Trang,31,7/6/2020
kcaltonle,irustanbj,6,maestro,BOSS Hotel managed by NEST Group,59,11/15/2020
swisbeylf,cdoumencbk,9,china-unionpay,DTX Hotel Nha Trang,77,5/31/2020
raldinlg,tsaunierebl,6,jcb,Le More Hotel,70,3/5/2020
ccarlemanlh,cchritchlowbm,5,instapayment,Sunrise Nha Trang Beach Hotel &amp; Spa,2,6/13/2020
valibertili,mcleatorbn,7,americanexpress,The Trang Luxury Villa Nha Trang,60,5/15/2020
aashurstlj,mgoodinbo,2,visa-electron,Holi Panorama Nha Trang,52,11/12/2020
vsnashalllk,isaipybp,3,visa,The Costa Nha Trang Residences,60,5/14/2020
jcribbinsll,mdemichelebq,4,jcb,Queen Ann Nha Trang Hotel,68,4/5/2020
speperelllm,awestmorlandbr,10,mastercard,Imperial Nha Trang,40,5/25/2020
bskaifeln,tbiagibs,10,mastercard,Sheraton Nha Trang,53,10/13/2020
aackwoodlo,csleightholmbt,8,visa,Muong Thanh Luxury Khanh Hoa,21,8/22/2020
wivashintsovlp,baireybu,5,mastercard,Maple Hotel &amp; Apartment,26,10/1/2020
hcapseylq,jnicholsonbv,5,jcb,InterContinental Nha Trang,47,8/17/2020
fnorringtonlr,gmonnibw,6,laser,Muong Thanh Luxury Nha Trang Hotel,50,1/31/2020
msouthersls,htrunchionbx,4,jcb,Alpha Bird Nha Trang Managed By RHM GROUP,24,12/19/2020
fclealllt,wspellecyby,2,jcb,Amiana Resort and Villas Nha Trang,40,6/18/2020
sgreenawaylu,mbucklebz,8,china-unionpay,Boton Blue Hotel &amp; Spa,7,11/28/2020
cduncansonlv,jlarkinsc0,7,diners-club-enroute,Vinpearl Discovery 1 Nha Trang,100,11/19/2020
bnapoleonlw,rberec1,4,jcb,Mia Resort Nha Trang,59,11/4/2020
ppedrocchilx,jghelardic2,10,mastercard,Star Beach Panorama,82,10/11/2020
kgutmanly,estrongmanc3,7,jcb,Vinpearl Discovery 2 Nha Trang,57,12/26/2020
mconrathlz,gcoppenc4,2,jcb,Mega Light Hotel Managed By RHM GROUP,61,5/12/2020
jabbatuccim0,apoorc5,5,jcb,Venity Villa Nha Trang,13,4/24/2020
scarlsenm1,jswiresc6,9,jcb,Rubies Nha Trang Apartment,79,6/24/2020
alyttonm2,ccrawleyc7,3,switch,Hotel Novotel Nha Trang,55,4/2/2020
kcatherickm3,cpoultonc8,5,visa-electron,BOSS Hotel managed by NEST Group,11,1/23/2020
hgiffordm4,fsallisc9,9,diners-club-carte-blanche,DTX Hotel Nha Trang,80,9/21/2020
aossipenkom5,gmannockca,10,instapayment,Le More Hotel,68,7/29/2020
lwinthropm6,dniececb,6,visa-electron,Sunrise Nha Trang Beach Hotel &amp; Spa,67,1/22/2020
jmacconaghym7,eeverwincc,7,mastercard,The Trang Luxury Villa Nha Trang,4,12/16/2020
ftissierm8,rtezurecd,6,jcb,Holi Panorama Nha Trang,49,10/28/2020
cstrandm9,cmouldsce,4,diners-club-carte-blanche,The Costa Nha Trang Residences,92,3/25/2020
cjancicma,nrenhardcf,10,jcb,Queen Ann Nha Trang Hotel,80,6/15/2020
jbaldoccimb,dclyntercg,9,visa,Imperial Nha Trang,17,4/12/2020
sstanistreetmc,avokesch,3,jcb,Sheraton Nha Trang,6,9/12/2020
mcavesmd,mwayteci,10,jcb,Muong Thanh Luxury Khanh Hoa,77,11/14/2020
bwestwellme,kmajorcj,2,diners-club-enroute,Maple Hotel &amp; Apartment,41,5/27/2020
xhurlmf,eolpinck,9,jcb,InterContinental Nha Trang,59,2/23/2020
dslocumbmg,gscarrattcl,7,diners-club-carte-blanche,Muong Thanh Luxury Nha Trang Hotel,46,10/9/2020
apoyntermh,mgellioncm,4,jcb,Alpha Bird Nha Trang Managed By RHM GROUP,24,10/4/2020
aabbesmi,ajantzencn,7,visa,Amiana Resort and Villas Nha Trang,54,11/16/2020
gschermickmj,lairthco,10,maestro,Boton Blue Hotel &amp; Spa,98,8/21/2020
sjonesmk,lbaslercp,5,diners-club-enroute,Vinpearl Discovery 1 Nha Trang,7,6/6/2020
cdommerqueml,tbairnsfathercq,9,bankcard,Mia Resort Nha Trang,25,2/9/2020
lwheelikermm,bsabeycr,9,switch,Star Beach Panorama,19,11/30/2020
twhistonmn,cbowbrickcs,2,visa-electron,Vinpearl Discovery 2 Nha Trang,29,12/23/2020
asalwaymo,fliquorishct,8,jcb,Mega Light Hotel Managed By RHM GROUP,35,11/16/2020
nwinhammp,tzorzincu,6,laser,Venity Villa Nha Trang,95,12/31/2020
lmussettimq,krobichoncv,8,visa-electron,Rubies Nha Trang Apartment,98,1/17/2020
vcraymr,pwakelincw,5,maestro,Hotel Novotel Nha Trang,96,7/17/2020
nsimisterms,treddochcx,3,diners-club-enroute,BOSS Hotel managed by NEST Group,47,1/21/2020
gespinamt,kseatoncy,2,visa,DTX Hotel Nha Trang,80,4/19/2020
uscotchfordmu,clodemanncz,2,americanexpress,Le More Hotel,74,7/13/2020
rmcbriermv,uboyackd0,2,jcb,Sunrise Nha Trang Beach Hotel &amp; Spa,57,9/10/2020
gknowlesmw,gfairbairnd1,3,americanexpress,The Trang Luxury Villa Nha Trang,77,5/10/2020
cteesdalemx,emanilowd2,8,jcb,Holi Panorama Nha Trang,44,4/9/2020
hwhitewoodmy,lsharrattd3,7,diners-club-international,The Costa Nha Trang Residences,20,8/31/2020
kerringtonmz,sdolohuntyd4,7,americanexpress,Queen Ann Nha Trang Hotel,48,11/16/2020
jhigginbottamn0,wlabroued5,7,visa-electron,Imperial Nha Trang,81,8/5/2020
jhellmern1,lroakesd6,1,jcb,Sheraton Nha Trang,10,1/27/2020
pregisn2,mcrosherd7,7,mastercard,Muong Thanh Luxury Khanh Hoa,90,4/7/2020
ehamberstonen3,gnanuccioid8,3,switch,Maple Hotel &amp; Apartment,78,3/27/2020
bsweetmann4,nyerralld9,1,bankcard,InterContinental Nha Trang,5,10/27/2020
kdorricottn5,pmccuskerda,9,jcb,Muong Thanh Luxury Nha Trang Hotel,31,12/19/2020
htoyern6,mskilbeckdb,6,jcb,Alpha Bird Nha Trang Managed By RHM GROUP,98,6/28/2020
cewdalen7,mspikinsdc,7,solo,Amiana Resort and Villas Nha Trang,80,6/4/2020
ejunkinn8,bvoycedd,5,jcb,Boton Blue Hotel &amp; Spa,13,12/5/2020
jrushburyn9,otrickettde,10,mastercard,Vinpearl Discovery 1 Nha Trang,19,5/2/2020
sdelongna,gmaccoughandf,10,maestro,Mia Resort Nha Trang,88,3/10/2020
dbuggnb,chandlindg,7,jcb,Star Beach Panorama,80,12/1/2020
czylbermannnc,igrishkovdh,6,maestro,Vinpearl Discovery 2 Nha Trang,86,7/28/2020
rstooknd,swaddydi,7,jcb,Mega Light Hotel Managed By RHM GROUP,67,7/22/2020
rstearnene,mavrahamiandj,1,jcb,Venity Villa Nha Trang,75,5/15/2020
tabendrothnf,whamlyndk,2,maestro,Rubies Nha Trang Apartment,17,3/25/2020
gdurtnallng,avedyaevdl,4,switch,Hotel Novotel Nha Trang,27,1/17/2020
dbleslinh,gsidworthdm,4,maestro,BOSS Hotel managed by NEST Group,87,1/31/2020
flunoni,afauschdn,7,maestro,DTX Hotel Nha Trang,6,1/14/2020
shindmoornj,ddockraydo,8,maestro,Le More Hotel,90,7/13/2020
mthornhillnk,rwyllcocksdp,8,jcb,Sunrise Nha Trang Beach Hotel &amp; Spa,72,11/25/2020
hdingatenl,pvasilyonokdq,2,visa-electron,The Trang Luxury Villa Nha Trang,81,3/5/2020
dpoytherasnm,ijoselevitzdr,5,maestro,Holi Panorama Nha Trang,27,10/12/2020
sgammelnn,bsherryds,4,maestro,The Costa Nha Trang Residences,22,10/18/2020
dstraunno,fcrombdt,6,maestro,Queen Ann Nha Trang Hotel,27,9/6/2020
sstuddalnp,hdethloffdu,5,mastercard,Imperial Nha Trang,37,12/14/2020
kscotsonnq,iableydv,3,americanexpress,Sheraton Nha Trang,67,7/5/2020
eeverixnr,srabbagedw,1,mastercard,Muong Thanh Luxury Khanh Hoa,36,11/26/2020
awinsomns,zmilburndx,9,jcb,Maple Hotel &amp; Apartment,8,8/15/2020
jbrendekent,fsearbydy,10,diners-club-enroute,InterContinental Nha Trang,27,9/20/2020
sblinckhornenu,erowlettdz,1,mastercard,Muong Thanh Luxury Nha Trang Hotel,69,4/21/2020
rovingtonnv,tbolgere0,2,jcb,Alpha Bird Nha Trang Managed By RHM GROUP,6,12/8/2020
spertnw,kroncae1,8,jcb,Amiana Resort and Villas Nha Trang,72,3/26/2020
abreazeallnx,whaselle2,5,jcb,Boton Blue Hotel &amp; Spa,34,2/17/2020
bmullearyny,cphipparde3,3,laser,Vinpearl Discovery 1 Nha Trang,6,7/14/2020
bancellnz,hmaudee4,6,jcb,Mia Resort Nha Trang,61,1/8/2020
tpleasanceo0,cchamberse5,3,diners-club-enroute,Star Beach Panorama,91,2/15/2020
fflorentineo1,bmaccarte6,1,diners-club-enroute,Vinpearl Discovery 2 Nha Trang,25,7/13/2020
tlunoo2,cthornewille7,4,jcb,Mega Light Hotel Managed By RHM GROUP,15,7/22/2020
cmatonino3,dcarslawe8,8,jcb,Venity Villa Nha Trang,73,1/10/2020
chaineso4,anaismithe9,8,jcb,Rubies Nha Trang Apartment,17,2/5/2020
hmcfaello5,jcymperea,8,jcb,Hotel Novotel Nha Trang,21,3/17/2020
dnanoo6,nhaugheyeb,9,jcb,BOSS Hotel managed by NEST Group,33,4/8/2020
mrichlyo7,btruemanec,10,mastercard,DTX Hotel Nha Trang,50,2/22/2020
cbillisono8,bnaullsed,2,jcb,Le More Hotel,21,10/12/2020
hthompsono9,htreacheree,5,jcb,Sunrise Nha Trang Beach Hotel &amp; Spa,16,7/18/2020
khuntingtonoa,rklugelef,5,visa,The Trang Luxury Villa Nha Trang,22,5/11/2020
cscottiniob,mkurtheg,9,diners-club-us-ca,Holi Panorama Nha Trang,8,3/12/2020
awulfingeroc,dbarchrameeveh,1,jcb,The Costa Nha Trang Residences,26,6/18/2020
mbraggintonod,npetriei,1,jcb,Queen Ann Nha Trang Hotel,77,1/24/2020
lumplebyoe,ehinschej,2,jcb,Imperial Nha Trang,66,3/26/2020
emingardof,ajanickiek,7,maestro,Sheraton Nha Trang,31,10/24/2020
wearthfieldog,nstreetel,4,jcb,Muong Thanh Luxury Khanh Hoa,93,10/17/2020
aperingoh,gpentecostem,2,diners-club-carte-blanche,Maple Hotel &amp; Apartment,18,5/13/2020
cserotoi,nthayreen,7,switch,InterContinental Nha Trang,53,2/19/2020
dtuftoj,smcgeraghtyeo,4,jcb,Muong Thanh Luxury Nha Trang Hotel,65,6/11/2020
tcabreraok,bochterlonyep,6,jcb,Alpha Bird Nha Trang Managed By RHM GROUP,8,1/31/2020
byearbyol,gserriseq,2,visa-electron,Amiana Resort and Villas Nha Trang,83,6/23/2020
jfillanom,agutierrezer,10,jcb,Boton Blue Hotel &amp; Spa,96,5/25/2020
bwoodwardon,bblackleyes,8,jcb,Vinpearl Discovery 1 Nha Trang,96,12/1/2020
lmitrovicoo,bpetcheyet,2,jcb,Mia Resort Nha Trang,40,8/16/2020
scoiteop,ucallingtoneu,9,jcb,Star Beach Panorama,20,7/31/2020
sbampkinoq,dlonghornev,6,switch,Vinpearl Discovery 2 Nha Trang,95,7/13/2020
ghallenor,rbatsonew,1,mastercard,Mega Light Hotel Managed By RHM GROUP,6,5/8/2020
aoreillyos,lmaccallionex,9,jcb,Venity Villa Nha Trang,72,5/22/2020
gbiskupekot,cmeinerey,5,jcb,Rubies Nha Trang Apartment,33,7/16/2020
cbeldersonou,mcrannellez,10,jcb,Hotel Novotel Nha Trang,47,2/2/2020
cnowakowskiov,apuffettf0,9,visa-electron,BOSS Hotel managed by NEST Group,13,11/29/2020
ahauxwellow,mfrearsonf1,10,china-unionpay,DTX Hotel Nha Trang,25,6/23/2020
cpesterfieldox,mholtf2,10,jcb,Le More Hotel,63,11/21/2020
dgiacomioy,lcleeref3,1,bankcard,Sunrise Nha Trang Beach Hotel &amp; Spa,63,7/12/2020
tgilhoolieoz,jmollindiniaf4,2,jcb,The Trang Luxury Villa Nha Trang,1,10/11/2020
dbramep0,akearyf5,10,maestro,Holi Panorama Nha Trang,90,3/9/2020
vyushkinp1,kdurtnallf6,4,jcb,The Costa Nha Trang Residences,96,8/11/2020
sbecarrap2,rcarettef7,10,mastercard,Queen Ann Nha Trang Hotel,12,12/1/2020
pgangep3,lmorsheadf8,5,china-unionpay,Imperial Nha Trang,48,6/26/2020
ktiptonp4,hrowntreef9,8,americanexpress,Sheraton Nha Trang,41,12/7/2020
ihardawayp5,rschneidaufa,2,mastercard,Muong Thanh Luxury Khanh Hoa,40,2/9/2020
shoulsonp6,rbattyllfb,3,jcb,Maple Hotel &amp; Apartment,30,9/4/2020
amatteonip7,cbenkafc,5,mastercard,InterContinental Nha Trang,78,5/8/2020
ygonnellyp8,dkinradefd,2,visa-electron,Muong Thanh Luxury Nha Trang Hotel,15,5/25/2020
asportonp9,cancketillfe,2,bankcard,Alpha Bird Nha Trang Managed By RHM GROUP,3,11/1/2020
kquenbypa,nbyllamff,3,diners-club-us-ca,Amiana Resort and Villas Nha Trang,22,12/3/2020
dwydpb,bpondefg,1,americanexpress,Boton Blue Hotel &amp; Spa,14,10/21/2020
jcornillpc,aayllettfh,5,diners-club-carte-blanche,Vinpearl Discovery 1 Nha Trang,89,3/23/2020
epinsonpd,ghankinsfi,4,jcb,Mia Resort Nha Trang,47,8/6/2020
tkettlesingpe,renriquefj,9,jcb,Star Beach Panorama,20,1/30/2020
idanaherpf,ccollidgefk,4,switch,Vinpearl Discovery 2 Nha Trang,33,5/16/2020
tkapelhoffpg,kkittoefl,4,diners-club-enroute,Mega Light Hotel Managed By RHM GROUP,62,1/17/2020
cdelhayph,oblaineyfm,6,diners-club-carte-blanche,Venity Villa Nha Trang,56,4/13/2020
ilogiepi,nmyrtlefn,10,maestro,Rubies Nha Trang Apartment,100,4/26/2020
iparsellpj,dcaltunfo,2,jcb,Hotel Novotel Nha Trang,53,2/9/2020
jseggespk,ktreverfp,10,diners-club-enroute,BOSS Hotel managed by NEST Group,99,8/19/2020
amathewspl,acamisfq,4,jcb,DTX Hotel Nha Trang,74,1/28/2020
rmcurepm,cafieldfr,10,jcb,Le More Hotel,69,7/21/2020
fillidgepn,skendallfs,2,maestro,Sunrise Nha Trang Beach Hotel &amp; Spa,69,12/9/2020
sbrownriggpo,wproppersft,1,jcb,The Trang Luxury Villa Nha Trang,96,3/8/2020
bdegoypp,ngoscarfu,5,instapayment,Holi Panorama Nha Trang,46,7/23/2020
cguerreropq,xolohanfv,7,jcb,The Costa Nha Trang Residences,18,4/10/2020
tspeendenpr,fpetrusfw,1,mastercard,Queen Ann Nha Trang Hotel,23,11/3/2020
hhartoppps,jpascoefx,1,diners-club-carte-blanche,Imperial Nha Trang,6,12/20/2020
rfearspt,kvanellify,7,bankcard,Sheraton Nha Trang,42,1/21/2020
mhardingepu,ctoolanfz,5,jcb,Muong Thanh Luxury Khanh Hoa,35,8/15/2020
ksoarespv,mwaltersg0,10,jcb,Maple Hotel &amp; Apartment,40,8/8/2020
rgrumellpw,hravenhillsg1,2,switch,InterContinental Nha Trang,97,11/30/2020
lgracepx,imarriageg2,2,diners-club-international,Muong Thanh Luxury Nha Trang Hotel,91,8/10/2020
tinklespy,awinterfloodg3,3,maestro,Alpha Bird Nha Trang Managed By RHM GROUP,94,12/13/2020
eaumerlepz,jhellensg4,2,diners-club-enroute,Amiana Resort and Villas Nha Trang,89,5/24/2020
pmcgarelq0,titzikg5,4,maestro,Boton Blue Hotel &amp; Spa,62,8/19/2020
bmccleanq1,arohloffg6,3,jcb,Vinpearl Discovery 1 Nha Trang,93,9/17/2020
dscottiniq2,gsporesg7,9,solo,Mia Resort Nha Trang,2,1/13/2020
dcoursorq3,erebbeckg8,9,diners-club-carte-blanche,Star Beach Panorama,41,8/14/2020
rgwilliamq4,coldroydg9,7,jcb,Vinpearl Discovery 2 Nha Trang,38,9/4/2020
djeckellsq5,esimcoxga,9,solo,Mega Light Hotel Managed By RHM GROUP,2,3/18/2020
fmatevushevq6,scausbygb,7,jcb,Venity Villa Nha Trang,73,12/18/2020
ghaltonq7,ksiddengc,6,jcb,Rubies Nha Trang Apartment,77,8/8/2020
rgoeringq8,tkantergd,2,mastercard,Hotel Novotel Nha Trang,96,4/1/2020
alipyeatq9,mbirchallge,3,jcb,BOSS Hotel managed by NEST Group,5,2/4/2020
scalladineqa,wjellicorsegf,5,americanexpress,DTX Hotel Nha Trang,40,3/4/2020
agreenleyqb,bgilbeartgg,1,maestro,Le More Hotel,82,3/24/2020
nbadamqc,aaudrittgh,9,laser,Sunrise Nha Trang Beach Hotel &amp; Spa,3,12/19/2020
plarensonqd,cshottingi,3,diners-club-us-ca,The Trang Luxury Villa Nha Trang,26,2/27/2020
jfitterqe,rkeblegj,5,jcb,Holi Panorama Nha Trang,28,10/21/2020
lwoottonqf,tarnkegk,6,mastercard,The Costa Nha Trang Residences,42,11/26/2020
nwrathallqg,cwynchgl,8,mastercard,Queen Ann Nha Trang Hotel,91,7/9/2020
fsimkissqh,cdurnfordgm,1,jcb,Imperial Nha Trang,88,10/16/2020
fgotcliffeqi,qelgeygn,3,maestro,Sheraton Nha Trang,36,8/22/2020
upanchinqj,hvickerstaffgo,7,visa,Muong Thanh Luxury Khanh Hoa,77,12/2/2020
wmcbradyqk,tpiggotgp,4,jcb,Maple Hotel &amp; Apartment,100,9/14/2020
mrivittql,dhackinggq,6,diners-club-us-ca,InterContinental Nha Trang,83,4/19/2020
kchippqm,zfessbygr,10,instapayment,Muong Thanh Luxury Nha Trang Hotel,99,7/6/2020
bbreederqn,pgilhouleygs,6,jcb,Alpha Bird Nha Trang Managed By RHM GROUP,86,10/7/2020
jthoresbieqo,rgirodgt,5,jcb,Amiana Resort and Villas Nha Trang,80,10/17/2020
hcartmellqp,aheldergu,4,switch,Boton Blue Hotel &amp; Spa,7,3/10/2020
rdominichettiqq,mhowsangv,8,jcb,Vinpearl Discovery 1 Nha Trang,68,8/7/2020
mschiesterlqr,ekemetgw,1,mastercard,Mia Resort Nha Trang,92,12/27/2020
kreinardqs,gpettitgx,10,americanexpress,Star Beach Panorama,57,3/12/2020
cgoudeqt,tlamblingy,7,mastercard,Vinpearl Discovery 2 Nha Trang,57,4/30/2020
jfahyqu,aambersongz,3,visa,Mega Light Hotel Managed By RHM GROUP,20,7/24/2020
tgerbelqv,mkyneh0,4,jcb,Venity Villa Nha Trang,18,4/22/2020
llebarreeqw,cscallyh1,4,laser,Rubies Nha Trang Apartment,55,12/4/2020
gtreesqx,bkmicickih2,5,jcb,Hotel Novotel Nha Trang,56,6/18/2020
sseeleyqy,bkirscheh3,1,china-unionpay,BOSS Hotel managed by NEST Group,58,9/3/2020
aclulowqz,cdayceh4,3,jcb,DTX Hotel Nha Trang,8,7/10/2020
kdolmanr0,bhuddyh5,9,diners-club-carte-blanche,Le More Hotel,89,12/22/2020
hdunnettr1,ptreppash6,10,diners-club-international,Sunrise Nha Trang Beach Hotel &amp; Spa,42,5/19/2020
gwenmanr2,gwarlaweh7,9,maestro,The Trang Luxury Villa Nha Trang,64,2/23/2020
spenasr3,jmindenhallh8,4,jcb,Holi Panorama Nha Trang,37,3/30/2020
jmcleodr4,dwerlockh9,2,visa-electron,The Costa Nha Trang Residences,87,8/16/2020
giannettir5,sreeha,1,jcb,Queen Ann Nha Trang Hotel,47,4/20/2020
cchomickir6,akoeppehb,5,jcb,Imperial Nha Trang,41,6/2/2020
smcbainr7,alongsonhc,10,jcb,Sheraton Nha Trang,54,2/4/2020
ldealmeidar8,emcquakerhd,10,jcb,Muong Thanh Luxury Khanh Hoa,14,6/8/2020
sraisonr9,wcosgrivehe,9,maestro,Maple Hotel &amp; Apartment,39,7/31/2020
gmorphetra,gputnamhf,10,jcb,InterContinental Nha Trang,66,8/23/2020
ekarlikrb,vblockhg,8,jcb,Muong Thanh Luxury Nha Trang Hotel,72,5/1/2020
gfroschrc,dburdashh,1,jcb,Alpha Bird Nha Trang Managed By RHM GROUP,22,8/4/2020
kwendoverrd,ghosierhi,2,jcb,Amiana Resort and Villas Nha Trang,26,5/4/2020
scastagnore,evenardhj,5,jcb,Boton Blue Hotel &amp; Spa,18,2/25/2020
dbailrf,spaviehk,2,visa-electron,Vinpearl Discovery 1 Nha Trang,58,6/29/2020
gginnellyrg,wcormackhl,4,switch,Mia Resort Nha Trang,14,11/21/2020
tscamadenrh,lyouelhm,1,instapayment,Star Beach Panorama,90,4/25/2020
pexerri,ljentgeshn,7,mastercard,Vinpearl Discovery 2 Nha Trang,96,5/29/2020
bdematteisrj,mlintallho,8,jcb,Mega Light Hotel Managed By RHM GROUP,13,1/22/2020
lvasyaginrk,dianninihp,10,diners-club-enroute,Venity Villa Nha Trang,7,6/13/2020
rtrayterl,rmaffinihq,3,mastercard,Rubies Nha Trang Apartment,77,7/22/2020
kgreyesrm,lrignoldeshr,6,instapayment,Hotel Novotel Nha Trang,52,5/22/2020
mbiagirn,lsharphousehs,5,jcb,BOSS Hotel managed by NEST Group,37,4/30/2020
eslymero,ltolworthht,8,maestro,DTX Hotel Nha Trang,42,2/25/2020
jgergrp,gabellhu,4,jcb,Le More Hotel,18,1/26/2020
sbolesmarq,amilleahv,3,china-unionpay,Sunrise Nha Trang Beach Hotel &amp; Spa,53,11/12/2020
kgreyesrm,cmansionhw,5,mastercard,The Trang Luxury Villa Nha Trang,43,11/5/2020
